[{"n_factors": 779, "regularization": 0.5809001440087137, "iterations": 31}, {"n_factors": 371, "regularization": 1.1206734467400128, "iterations": 107}, {"n_factors": 350, "regularization": 0.16292646405164168, "iterations": 40}, {"n_factors": 600, "regularization": 1.0599640554322278, "iterations": 22}, {"n_factors": 578, "regularization": 1.4197289809843416, "iterations": 121}, {"n_factors": 796, "regularization": 1.016750726825825, "iterations": 66}, {"n_factors": 417, "regularization": 1.9297602002370053, "iterations": 56}, null, null, null, null, null, null, null, null, null, null, null, null, null, null, null, null, null, null, null, null, null, null, null, null, null, null, null, null, null, null, null, null, null, null, null, null, null, null, null, null, null, null, null]