[{"n_factors": 487, "regularization": 0.24748309947032457, "iterations": 118}, {"n_factors": 116, "regularization": 1.845380253871679, "iterations": 39}, {"n_factors": 444, "regularization": 1.1680503247850853, "iterations": 140}, {"n_factors": 178, "regularization": 1.5756730183074383, "iterations": 17}, {"n_factors": 279, "regularization": 0.7000591772944911, "iterations": 90}, {"n_factors": 394, "regularization": 0.7455371646509408, "iterations": 57}, {"n_factors": 172, "regularization": 0.6264937000134855, "iterations": 150}, {"n_factors": 238, "regularization": 0.7904660222452681, "iterations": 102}, {"n_factors": 246, "regularization": 1.9735221724841752, "iterations": 38}, {"n_factors": 438, "regularization": 0.5735560484991166, "iterations": 43}, {"n_factors": 311, "regularization": 0.45941418569226555, "iterations": 150}, {"n_factors": 481, "regularization": 1.981711775315694, "iterations": 142}, {"n_factors": 395, "regularization": 1.0013345382954342, "iterations": 46}, {"n_factors": 270, "regularization": 0.7617297429261404, "iterations": 93}, {"n_factors": 409, "regularization": 0.7686707414646926, "iterations": 120}, {"n_factors": 20, "regularization": 0.1, "iterations": 150}, {"n_factors": 48, "regularization": 1.9451024115293882, "iterations": 17}, {"n_factors": 500, "regularization": 2.0, "iterations": 15}, {"n_factors": 34, "regularization": 0.10550508972469591, "iterations": 20}, {"n_factors": 39, "regularization": 1.9687917953472631, "iterations": 149}, {"n_factors": 497, "regularization": 1.9670027774015422, "iterations": 19}, {"n_factors": 25, "regularization": 0.18771599345884327, "iterations": 17}, {"n_factors": 258, "regularization": 2.0, "iterations": 15}, {"n_factors": 258, "regularization": 2.0, "iterations": 15}, {"n_factors": 258, "regularization": 2.0, "iterations": 15}, {"n_factors": 253, "regularization": 2.0, "iterations": 150}, {"n_factors": 258, "regularization": 2.0, "iterations": 15}, {"n_factors": 213, "regularization": 0.11348942863855206, "iterations": 15}, {"n_factors": 202, "regularization": 0.11170552580101355, "iterations": 150}, {"n_factors": 187, "regularization": 1.9758332822726343, "iterations": 148}, {"n_factors": 303, "regularization": 0.10392495390476508, "iterations": 19}, {"n_factors": 498, "regularization": 0.30805070783317, "iterations": 16}, {"n_factors": 248, "regularization": 2.0, "iterations": 15}, {"n_factors": 329, "regularization": 1.9818485819808156, "iterations": 149}, {"n_factors": 197, "regularization": 0.11772895079195689, "iterations": 148}, {"n_factors": 491, "regularization": 1.9561179966572706, "iterations": 148}, {"n_factors": 22, "regularization": 1.8732782352655823, "iterations": 143}, {"n_factors": 480, "regularization": 0.14287943796496055, "iterations": 17}, {"n_factors": 493, "regularization": 1.9619602258384072, "iterations": 144}, {"n_factors": 488, "regularization": 0.14526875925760047, "iterations": 16}, {"n_factors": 500, "regularization": 2.0, "iterations": 15}, {"n_factors": 23, "regularization": 0.13444601737132997, "iterations": 17}, {"n_factors": 493, "regularization": 1.9196556792962653, "iterations": 147}, {"n_factors": 486, "regularization": 0.10154472288979195, "iterations": 149}, {"n_factors": 23, "regularization": 1.9979585509812625, "iterations": 142}, {"n_factors": 500, "regularization": 2.0, "iterations": 15}, {"n_factors": 495, "regularization": 0.1509805814981935, "iterations": 17}, {"n_factors": 500, "regularization": 2.0, "iterations": 15}, {"n_factors": 28, "regularization": 1.9970909150301075, "iterations": 18}, {"n_factors": 497, "regularization": 0.20661048507872048, "iterations": 148}]