[{"nnz": 0.9555934272053397, "knn": 1415}, {"nnz": 0.6933162487176278, "knn": 1210}, {"nnz": 0.6638333186691633, "knn": 284}, {"nnz": 1.7031848521469535, "knn": 564}, {"nnz": 1.7561802191124691, "knn": 413}, {"nnz": 1.7486158579216897, "knn": 222}, {"nnz": 0.2169802463734461, "knn": 1234}, {"nnz": 0.0687087509172133, "knn": 333}, {"nnz": 0.7296269230167148, "knn": 242}, {"nnz": 0.9530501183003812, "knn": 694}, {"nnz": 1.9856497956698334, "knn": 1852}, {"nnz": 0.39651777555716483, "knn": 1680}, {"nnz": 1.236707494337538, "knn": 716}, {"nnz": 1.7433513351499246, "knn": 372}, {"nnz": 1.3848629014504283, "knn": 300}, {"nnz": 0.7640822354545447, "knn": 228}, {"nnz": 1.13069280901091, "knn": 290}, {"nnz": 1.3774515166662744, "knn": 710}, {"nnz": 0.626222001833031, "knn": 1576}, {"nnz": 1.1265018843531032, "knn": 993}, {"nnz": 1.4101431685319292, "knn": 1344}, {"nnz": 0.18968050242468643, "knn": 1285}, {"nnz": 1.0326455190146124, "knn": 1492}, {"nnz": 0.12365263698833509, "knn": 1505}, {"nnz": 1.568428085564041, "knn": 666}, {"nnz": 0.6125927482366281, "knn": 916}, {"nnz": 0.7494783376948094, "knn": 286}, {"nnz": 1.928521635135226, "knn": 325}, {"nnz": 0.21912582006771492, "knn": 440}, {"nnz": 1.3700009091915881, "knn": 1725}, {"nnz": 1.7771001478022241, "knn": 810}, null, null, null, null, null, null, null, null, null, null, null, null, null, null, null, null, null, null, null, null, null, null, null, null, null, null, null, null, null, null, null, null, null, null, null, null, null, null, null, null, null, null, null, null, null, null, null, null, null, null, null, null, null, null, null, null, null, null, null, null, null, null, null, null, null, null, null, null, null, null, null, null, null, null, null, null, null, null, null, null, null, null, null, null, null, null, null, null, null, null, null, null, null, null, null, null, null, null, null, null, null, null, null, null, null, null, null, null, null, null, null, null, null, null, null, null, null, null, null]