[{"knn": 610, "shrink": 751, "similarity": "cosine"}, {"knn": 367, "shrink": 369, "similarity": "jaccard"}, {"knn": 266, "shrink": 501, "similarity": "jaccard"}, {"knn": 226, "shrink": 650, "similarity": "jaccard"}, {"knn": 912, "shrink": 644, "similarity": "cosine"}, {"knn": 83, "shrink": 750, "similarity": "jaccard"}, {"knn": 737, "shrink": 729, "similarity": "jaccard"}, {"knn": 854, "shrink": 389, "similarity": "jaccard"}, {"knn": 620, "shrink": 110, "similarity": "jaccard"}, {"knn": 385, "shrink": 932, "similarity": "cosine"}, {"knn": 487, "shrink": 233, "similarity": "jaccard"}, {"knn": 162, "shrink": 441, "similarity": "jaccard"}, {"knn": 416, "shrink": 283, "similarity": "cosine"}, {"knn": 324, "shrink": 928, "similarity": "jaccard"}, {"knn": 966, "shrink": 234, "similarity": "jaccard"}, {"knn": 7, "shrink": 15, "similarity": "cosine"}, {"knn": 993, "shrink": 983, "similarity": "cosine"}, {"knn": 1000, "shrink": 1000, "similarity": "jaccard"}, {"knn": 995, "shrink": 2, "similarity": "cosine"}, {"knn": 5, "shrink": 1000, "similarity": "jaccard"}, {"knn": 23, "shrink": 984, "similarity": "cosine"}, {"knn": 1000, "shrink": 997, "similarity": "jaccard"}, {"knn": 5, "shrink": 991, "similarity": "cosine"}, {"knn": 999, "shrink": 16, "similarity": "jaccard"}, {"knn": 13, "shrink": 10, "similarity": "cosine"}, {"knn": 993, "shrink": 995, "similarity": "cosine"}, {"knn": 978, "shrink": 996, "similarity": "jaccard"}, {"knn": 9, "shrink": 992, "similarity": "jaccard"}, {"knn": 1000, "shrink": 1000, "similarity": "jaccard"}, {"knn": 995, "shrink": 18, "similarity": "cosine"}, {"knn": 1000, "shrink": 1000, "similarity": "jaccard"}, {"knn": 10, "shrink": 20, "similarity": "jaccard"}, {"knn": 1000, "shrink": 1000, "similarity": "jaccard"}, {"knn": 1000, "shrink": 1000, "similarity": "jaccard"}, {"knn": 10, "shrink": 998, "similarity": "cosine"}, {"knn": 1000, "shrink": 7, "similarity": "cosine"}, {"knn": 18, "shrink": 13, "similarity": "jaccard"}, {"knn": 21, "shrink": 993, "similarity": "cosine"}, {"knn": 7, "shrink": 7, "similarity": "jaccard"}, {"knn": 1000, "shrink": 1000, "similarity": "jaccard"}, {"knn": 36, "shrink": 997, "similarity": "cosine"}, {"knn": 1000, "shrink": 1000, "similarity": "jaccard"}, {"knn": 1000, "shrink": 1000, "similarity": "jaccard"}, {"knn": 992, "shrink": 4, "similarity": "cosine"}, {"knn": 5, "shrink": 1000, "similarity": "jaccard"}, {"knn": 1000, "shrink": 1000, "similarity": "jaccard"}, {"knn": 1000, "shrink": 1000, "similarity": "jaccard"}, {"knn": 9, "shrink": 996, "similarity": "cosine"}, {"knn": 1000, "shrink": 1000, "similarity": "jaccard"}, {"knn": 987, "shrink": 1, "similarity": "cosine"}]