[{"knn": 175, "shrink": 265, "similarity": "cosine"}, {"knn": 249, "shrink": 853, "similarity": "cosine"}, {"knn": 54, "shrink": 719, "similarity": "cosine"}, {"knn": 191, "shrink": 154, "similarity": "cosine"}, {"knn": 579, "shrink": 942, "similarity": "cosine"}, {"knn": 817, "shrink": 642, "similarity": "cosine"}, {"knn": 644, "shrink": 139, "similarity": "cosine"}, {"knn": 813, "shrink": 660, "similarity": "cosine"}, {"knn": 655, "shrink": 159, "similarity": "cosine"}, {"knn": 461, "shrink": 790, "similarity": "cosine"}, {"knn": 275, "shrink": 355, "similarity": "cosine"}, {"knn": 446, "shrink": 409, "similarity": "cosine"}, {"knn": 40, "shrink": 107, "similarity": "cosine"}, {"knn": 484, "shrink": 708, "similarity": "cosine"}, {"knn": 720, "shrink": 811, "similarity": "cosine"}, {"knn": 984, "shrink": 11, "similarity": "cosine"}, {"knn": 9, "shrink": 990, "similarity": "cosine"}, {"knn": 1000, "shrink": 1000, "similarity": "cosine"}, {"knn": 998, "shrink": 8, "similarity": "cosine"}, {"knn": 21, "shrink": 1, "similarity": "cosine"}, {"knn": 989, "shrink": 1000, "similarity": "cosine"}, {"knn": 12, "shrink": 998, "similarity": "cosine"}, {"knn": 1000, "shrink": 1000, "similarity": "cosine"}, {"knn": 1000, "shrink": 1000, "similarity": "cosine"}, {"knn": 1000, "shrink": 1000, "similarity": "cosine"}, {"knn": 1000, "shrink": 1000, "similarity": "cosine"}, {"knn": 998, "shrink": 2, "similarity": "cosine"}, {"knn": 12, "shrink": 994, "similarity": "cosine"}, {"knn": 997, "shrink": 478, "similarity": "cosine"}, {"knn": 5, "shrink": 1000, "similarity": "cosine"}, {"knn": 10, "shrink": 994, "similarity": "cosine"}, {"knn": 7, "shrink": 1, "similarity": "cosine"}, {"knn": 996, "shrink": 999, "similarity": "cosine"}, {"knn": 991, "shrink": 999, "similarity": "cosine"}, {"knn": 20, "shrink": 996, "similarity": "cosine"}, {"knn": 996, "shrink": 997, "similarity": "cosine"}, {"knn": 1000, "shrink": 1000, "similarity": "cosine"}, {"knn": 9, "shrink": 997, "similarity": "cosine"}, {"knn": 989, "shrink": 4, "similarity": "cosine"}, {"knn": 1000, "shrink": 1000, "similarity": "cosine"}, {"knn": 9, "shrink": 996, "similarity": "cosine"}, {"knn": 999, "shrink": 7, "similarity": "cosine"}, {"knn": 1000, "shrink": 1000, "similarity": "cosine"}, {"knn": 6, "shrink": 991, "similarity": "cosine"}, {"knn": 999, "shrink": 2, "similarity": "cosine"}, {"knn": 1000, "shrink": 1000, "similarity": "cosine"}, {"knn": 20, "shrink": 999, "similarity": "cosine"}, {"knn": 8, "shrink": 998, "similarity": "cosine"}, {"knn": 987, "shrink": 999, "similarity": "cosine"}, {"knn": 997, "shrink": 995, "similarity": "cosine"}]