[{"knn": 967, "shrink": 952, "similarity": "cosine"}, {"knn": 734, "shrink": 286, "similarity": "cosine"}, {"knn": 925, "shrink": 49, "similarity": "cosine"}, {"knn": 503, "shrink": 184, "similarity": "cosine"}, {"knn": 790, "shrink": 887, "similarity": "cosine"}, {"knn": 936, "shrink": 132, "similarity": "cosine"}, {"knn": 982, "shrink": 76, "similarity": "cosine"}, {"knn": 864, "shrink": 369, "similarity": "cosine"}, {"knn": 869, "shrink": 580, "similarity": "cosine"}, {"knn": 343, "shrink": 463, "similarity": "cosine"}, {"knn": 731, "shrink": 24, "similarity": "cosine"}, {"knn": 782, "shrink": 122, "similarity": "cosine"}, {"knn": 753, "shrink": 602, "similarity": "cosine"}, {"knn": 166, "shrink": 646, "similarity": "cosine"}, {"knn": 501, "shrink": 193, "similarity": "cosine"}, {"knn": 479, "shrink": 240, "similarity": "cosine"}, {"knn": 706, "shrink": 979, "similarity": "cosine"}, {"knn": 758, "shrink": 3, "similarity": "cosine"}, {"knn": 924, "shrink": 336, "similarity": "cosine"}, {"knn": 144, "shrink": 133, "similarity": "cosine"}, {"knn": 706, "shrink": 692, "similarity": "cosine"}, {"knn": 563, "shrink": 290, "similarity": "cosine"}, {"knn": 299, "shrink": 671, "similarity": "cosine"}, {"knn": 285, "shrink": 217, "similarity": "cosine"}, {"knn": 819, "shrink": 832, "similarity": "cosine"}, {"knn": 845, "shrink": 744, "similarity": "cosine"}, {"knn": 30, "shrink": 410, "similarity": "cosine"}, {"knn": 65, "shrink": 704, "similarity": "cosine"}, {"knn": 805, "shrink": 782, "similarity": "cosine"}, {"knn": 155, "shrink": 905, "similarity": "cosine"}, {"knn": 592, "shrink": 100, "similarity": "cosine"}, {"knn": 618, "shrink": 509, "similarity": "cosine"}, {"knn": 242, "shrink": 91, "similarity": "cosine"}, {"knn": 736, "shrink": 134, "similarity": "cosine"}, {"knn": 195, "shrink": 786, "similarity": "cosine"}, {"knn": 466, "shrink": 770, "similarity": "cosine"}, {"knn": 684, "shrink": 752, "similarity": "cosine"}, {"knn": 341, "shrink": 380, "similarity": "cosine"}, {"knn": 240, "shrink": 38, "similarity": "cosine"}, {"knn": 589, "shrink": 10, "similarity": "cosine"}, {"knn": 194, "shrink": 228, "similarity": "cosine"}, {"knn": 398, "shrink": 398, "similarity": "cosine"}, {"knn": 894, "shrink": 534, "similarity": "cosine"}, {"knn": 198, "shrink": 114, "similarity": "cosine"}, {"knn": 59, "shrink": 636, "similarity": "cosine"}, {"knn": 472, "shrink": 203, "similarity": "cosine"}, {"knn": 64, "shrink": 381, "similarity": "cosine"}, {"knn": 36, "shrink": 918, "similarity": "cosine"}, {"knn": 148, "shrink": 644, "similarity": "cosine"}, {"knn": 994, "shrink": 591, "similarity": "cosine"}, {"knn": 426, "shrink": 270, "similarity": "cosine"}, {"knn": 474, "shrink": 308, "similarity": "cosine"}, {"knn": 97, "shrink": 652, "similarity": "cosine"}, {"knn": 298, "shrink": 956, "similarity": "cosine"}, {"knn": 140, "shrink": 655, "similarity": "cosine"}, {"knn": 802, "shrink": 314, "similarity": "cosine"}, {"knn": 210, "shrink": 635, "similarity": "cosine"}, {"knn": 135, "shrink": 513, "similarity": "cosine"}, {"knn": 232, "shrink": 63, "similarity": "cosine"}, {"knn": 756, "shrink": 150, "similarity": "cosine"}, {"knn": 292, "shrink": 761, "similarity": "cosine"}, {"knn": 990, "shrink": 254, "similarity": "cosine"}, {"knn": 427, "shrink": 499, "similarity": "cosine"}, {"knn": 276, "shrink": 740, "similarity": "cosine"}, {"knn": 503, "shrink": 327, "similarity": "cosine"}, {"knn": 999, "shrink": 338, "similarity": "cosine"}, {"knn": 311, "shrink": 994, "similarity": "cosine"}, {"knn": 544, "shrink": 473, "similarity": "cosine"}, {"knn": 732, "shrink": 659, "similarity": "cosine"}, {"knn": 416, "shrink": 402, "similarity": "cosine"}, {"knn": 820, "shrink": 982, "similarity": "cosine"}, {"knn": 434, "shrink": 529, "similarity": "cosine"}, {"knn": 380, "shrink": 364, "similarity": "cosine"}, {"knn": 27, "shrink": 595, "similarity": "cosine"}, {"knn": 211, "shrink": 734, "similarity": "cosine"}, {"knn": 783, "shrink": 881, "similarity": "cosine"}, {"knn": 623, "shrink": 434, "similarity": "cosine"}, {"knn": 433, "shrink": 392, "similarity": "cosine"}, {"knn": 950, "shrink": 669, "similarity": "cosine"}, {"knn": 957, "shrink": 508, "similarity": "cosine"}, {"knn": 277, "shrink": 812, "similarity": "cosine"}, {"knn": 545, "shrink": 507, "similarity": "cosine"}, {"knn": 854, "shrink": 930, "similarity": "cosine"}, {"knn": 349, "shrink": 843, "similarity": "cosine"}, {"knn": 345, "shrink": 370, "similarity": "cosine"}, {"knn": 628, "shrink": 347, "similarity": "cosine"}, {"knn": 957, "shrink": 697, "similarity": "cosine"}, {"knn": 301, "shrink": 974, "similarity": "cosine"}, {"knn": 251, "shrink": 265, "similarity": "cosine"}, {"knn": 826, "shrink": 11, "similarity": "cosine"}, {"knn": 741, "shrink": 879, "similarity": "cosine"}, {"knn": 478, "shrink": 599, "similarity": "cosine"}, {"knn": 841, "shrink": 672, "similarity": "cosine"}, {"knn": 544, "shrink": 631, "similarity": "cosine"}, {"knn": 17, "shrink": 950, "similarity": "cosine"}, {"knn": 652, "shrink": 361, "similarity": "cosine"}, {"knn": 29, "shrink": 593, "similarity": "cosine"}, {"knn": 603, "shrink": 908, "similarity": "cosine"}, {"knn": 161, "shrink": 81, "similarity": "cosine"}, {"knn": 663, "shrink": 310, "similarity": "cosine"}, {"knn": 390, "shrink": 981, "similarity": "cosine"}, {"knn": 877, "shrink": 889, "similarity": "cosine"}, {"knn": 470, "shrink": 894, "similarity": "cosine"}, {"knn": 165, "shrink": 292, "similarity": "cosine"}, {"knn": 212, "shrink": 304, "similarity": "cosine"}, {"knn": 336, "shrink": 956, "similarity": "cosine"}, {"knn": 40, "shrink": 267, "similarity": "cosine"}, {"knn": 667, "shrink": 403, "similarity": "cosine"}, {"knn": 258, "shrink": 284, "similarity": "cosine"}, {"knn": 364, "shrink": 693, "similarity": "cosine"}, {"knn": 21, "shrink": 358, "similarity": "cosine"}, {"knn": 112, "shrink": 774, "similarity": "cosine"}, {"knn": 703, "shrink": 819, "similarity": "cosine"}, {"knn": 818, "shrink": 411, "similarity": "cosine"}, {"knn": 153, "shrink": 322, "similarity": "cosine"}, {"knn": 505, "shrink": 869, "similarity": "cosine"}, {"knn": 248, "shrink": 591, "similarity": "cosine"}, {"knn": 619, "shrink": 836, "similarity": "cosine"}, {"knn": 737, "shrink": 853, "similarity": "cosine"}, {"knn": 390, "shrink": 731, "similarity": "cosine"}, {"knn": 825, "shrink": 860, "similarity": "cosine"}, {"knn": 740, "shrink": 293, "similarity": "cosine"}, {"knn": 596, "shrink": 382, "similarity": "cosine"}, {"knn": 174, "shrink": 911, "similarity": "cosine"}, {"knn": 887, "shrink": 831, "similarity": "cosine"}, {"knn": 13, "shrink": 898, "similarity": "cosine"}, {"knn": 619, "shrink": 409, "similarity": "cosine"}, {"knn": 526, "shrink": 558, "similarity": "cosine"}, {"knn": 86, "shrink": 506, "similarity": "cosine"}, {"knn": 57, "shrink": 623, "similarity": "cosine"}, {"knn": 366, "shrink": 779, "similarity": "cosine"}, {"knn": 481, "shrink": 158, "similarity": "cosine"}, {"knn": 871, "shrink": 141, "similarity": "cosine"}, {"knn": 800, "shrink": 875, "similarity": "cosine"}, {"knn": 800, "shrink": 562, "similarity": "cosine"}, {"knn": 649, "shrink": 750, "similarity": "cosine"}, {"knn": 370, "shrink": 618, "similarity": "cosine"}, {"knn": 238, "shrink": 709, "similarity": "cosine"}, {"knn": 640, "shrink": 666, "similarity": "cosine"}, {"knn": 667, "shrink": 927, "similarity": "cosine"}, {"knn": 503, "shrink": 846, "similarity": "cosine"}, {"knn": 725, "shrink": 244, "similarity": "cosine"}, {"knn": 31, "shrink": 459, "similarity": "cosine"}, {"knn": 972, "shrink": 51, "similarity": "cosine"}, {"knn": 796, "shrink": 288, "similarity": "cosine"}, {"knn": 34, "shrink": 398, "similarity": "cosine"}, {"knn": 832, "shrink": 402, "similarity": "cosine"}, {"knn": 950, "shrink": 47, "similarity": "cosine"}, {"knn": 226, "shrink": 786, "similarity": "cosine"}, {"knn": 685, "shrink": 315, "similarity": "cosine"}, {"knn": 12, "shrink": 8, "similarity": "cosine"}, {"knn": 5, "shrink": 1000, "similarity": "cosine"}, {"knn": 5, "shrink": 1000, "similarity": "cosine"}, {"knn": 10, "shrink": 2, "similarity": "cosine"}, {"knn": 1000, "shrink": 1000, "similarity": "cosine"}, {"knn": 990, "shrink": 998, "similarity": "cosine"}, {"knn": 990, "shrink": 996, "similarity": "cosine"}, {"knn": 998, "shrink": 995, "similarity": "cosine"}, {"knn": 996, "shrink": 998, "similarity": "cosine"}, {"knn": 997, "shrink": 7, "similarity": "cosine"}, {"knn": 997, "shrink": 997, "similarity": "cosine"}, {"knn": 10, "shrink": 1, "similarity": "cosine"}, {"knn": 8, "shrink": 998, "similarity": "cosine"}, {"knn": 990, "shrink": 997, "similarity": "cosine"}, {"knn": 996, "shrink": 996, "similarity": "cosine"}, {"knn": 14, "shrink": 1000, "similarity": "cosine"}, {"knn": 996, "shrink": 3, "similarity": "cosine"}, {"knn": 7, "shrink": 988, "similarity": "cosine"}, {"knn": 993, "shrink": 990, "similarity": "cosine"}, {"knn": 1000, "shrink": 1000, "similarity": "cosine"}, {"knn": 12, "shrink": 998, "similarity": "cosine"}, {"knn": 1000, "shrink": 995, "similarity": "cosine"}, {"knn": 996, "shrink": 3, "similarity": "cosine"}, {"knn": 15, "shrink": 986, "similarity": "cosine"}, {"knn": 998, "shrink": 999, "similarity": "cosine"}, {"knn": 9, "shrink": 995, "similarity": "cosine"}, {"knn": 19, "shrink": 6, "similarity": "cosine"}, {"knn": 1000, "shrink": 995, "similarity": "cosine"}, {"knn": 1000, "shrink": 1000, "similarity": "cosine"}, {"knn": 10, "shrink": 989, "similarity": "cosine"}, {"knn": 1000, "shrink": 1000, "similarity": "cosine"}, {"knn": 1000, "shrink": 1000, "similarity": "cosine"}, {"knn": 991, "shrink": 3, "similarity": "cosine"}, {"knn": 5, "shrink": 986, "similarity": "cosine"}, {"knn": 1000, "shrink": 1000, "similarity": "cosine"}, {"knn": 6, "shrink": 997, "similarity": "cosine"}, {"knn": 1000, "shrink": 1000, "similarity": "cosine"}, {"knn": 1000, "shrink": 1000, "similarity": "cosine"}, {"knn": 997, "shrink": 2, "similarity": "cosine"}, {"knn": 8, "shrink": 998, "similarity": "cosine"}, {"knn": 1000, "shrink": 1000, "similarity": "cosine"}, {"knn": 1000, "shrink": 1000, "similarity": "cosine"}, {"knn": 7, "shrink": 996, "similarity": "cosine"}, {"knn": 1000, "shrink": 1000, "similarity": "cosine"}, {"knn": 13, "shrink": 2, "similarity": "cosine"}, {"knn": 5, "shrink": 999, "similarity": "cosine"}, {"knn": 992, "shrink": 2, "similarity": "cosine"}, {"knn": 18, "shrink": 994, "similarity": "cosine"}, {"knn": 1000, "shrink": 1000, "similarity": "cosine"}, {"knn": 1000, "shrink": 6, "similarity": "cosine"}, {"knn": 8, "shrink": 986, "similarity": "cosine"}, {"knn": 5, "shrink": 5, "similarity": "cosine"}, {"knn": 1000, "shrink": 1000, "similarity": "cosine"}, {"knn": 1000, "shrink": 1000, "similarity": "cosine"}, {"knn": 1000, "shrink": 1000, "similarity": "cosine"}, {"knn": 9, "shrink": 999, "similarity": "cosine"}, {"knn": 999, "shrink": 1, "similarity": "cosine"}, {"knn": 8, "shrink": 998, "similarity": "cosine"}, {"knn": 14, "shrink": 999, "similarity": "cosine"}, {"knn": 7, "shrink": 997, "similarity": "cosine"}, {"knn": 1000, "shrink": 1000, "similarity": "cosine"}, {"knn": 13, "shrink": 999, "similarity": "cosine"}, {"knn": 1000, "shrink": 1000, "similarity": "cosine"}, {"knn": 997, "shrink": 3, "similarity": "cosine"}, {"knn": 1000, "shrink": 1000, "similarity": "cosine"}, {"knn": 1000, "shrink": 1000, "similarity": "cosine"}, {"knn": 8, "shrink": 992, "similarity": "cosine"}, {"knn": 7, "shrink": 998, "similarity": "cosine"}, {"knn": 1000, "shrink": 1000, "similarity": "cosine"}, {"knn": 11, "shrink": 7, "similarity": "cosine"}, {"knn": 6, "shrink": 5, "similarity": "cosine"}, {"knn": 6, "shrink": 153, "similarity": "cosine"}, {"knn": 1000, "shrink": 782, "similarity": "cosine"}, {"knn": 15, "shrink": 161, "similarity": "cosine"}, {"knn": 10, "shrink": 171, "similarity": "cosine"}, {"knn": 1000, "shrink": 778, "similarity": "cosine"}, {"knn": 1000, "shrink": 779, "similarity": "cosine"}, {"knn": 994, "shrink": 177, "similarity": "cosine"}, {"knn": 991, "shrink": 169, "similarity": "cosine"}, {"knn": 1000, "shrink": 1000, "similarity": "cosine"}, {"knn": 8, "shrink": 993, "similarity": "cosine"}, {"knn": 994, "shrink": 998, "similarity": "cosine"}, {"knn": 7, "shrink": 988, "similarity": "cosine"}, {"knn": 1000, "shrink": 1000, "similarity": "cosine"}, {"knn": 992, "shrink": 3, "similarity": "cosine"}, {"knn": 1000, "shrink": 796, "similarity": "cosine"}, {"knn": 1000, "shrink": 796, "similarity": "cosine"}, {"knn": 7, "shrink": 160, "similarity": "cosine"}, {"knn": 996, "shrink": 517, "similarity": "cosine"}, {"knn": 1000, "shrink": 753, "similarity": "cosine"}, {"knn": 1000, "shrink": 808, "similarity": "cosine"}, {"knn": 1000, "shrink": 723, "similarity": "cosine"}, {"knn": 1000, "shrink": 493, "similarity": "cosine"}, {"knn": 1000, "shrink": 830, "similarity": "cosine"}, {"knn": 996, "shrink": 198, "similarity": "cosine"}, {"knn": 1000, "shrink": 716, "similarity": "cosine"}, {"knn": 8, "shrink": 167, "similarity": "cosine"}, {"knn": 998, "shrink": 507, "similarity": "cosine"}, {"knn": 997, "shrink": 185, "similarity": "cosine"}, {"knn": 1000, "shrink": 817, "similarity": "cosine"}, {"knn": 997, "shrink": 526, "similarity": "cosine"}, {"knn": 5, "shrink": 166, "similarity": "cosine"}, {"knn": 1000, "shrink": 732, "similarity": "cosine"}, {"knn": 1000, "shrink": 740, "similarity": "cosine"}, {"knn": 998, "shrink": 225, "similarity": "cosine"}, {"knn": 997, "shrink": 502, "similarity": "cosine"}, {"knn": 1000, "shrink": 808, "similarity": "cosine"}, {"knn": 993, "shrink": 193, "similarity": "cosine"}, {"knn": 999, "shrink": 214, "similarity": "cosine"}, {"knn": 996, "shrink": 540, "similarity": "cosine"}, {"knn": 7, "shrink": 172, "similarity": "cosine"}, {"knn": 997, "shrink": 460, "similarity": "cosine"}, {"knn": 1000, "shrink": 210, "similarity": "cosine"}, {"knn": 997, "shrink": 577, "similarity": "cosine"}, {"knn": 5, "shrink": 476, "similarity": "cosine"}, {"knn": 999, "shrink": 241, "similarity": "cosine"}, {"knn": 6, "shrink": 197, "similarity": "cosine"}, {"knn": 1000, "shrink": 769, "similarity": "cosine"}, {"knn": 1000, "shrink": 767, "similarity": "cosine"}, {"knn": 999, "shrink": 381, "similarity": "cosine"}, {"knn": 999, "shrink": 582, "similarity": "cosine"}, {"knn": 1000, "shrink": 784, "similarity": "cosine"}, {"knn": 999, "shrink": 195, "similarity": "cosine"}, {"knn": 1000, "shrink": 435, "similarity": "cosine"}, {"knn": 999, "shrink": 252, "similarity": "cosine"}, {"knn": 1000, "shrink": 781, "similarity": "cosine"}, {"knn": 998, "shrink": 568, "similarity": "cosine"}, {"knn": 7, "shrink": 209, "similarity": "cosine"}, {"knn": 1000, "shrink": 370, "similarity": "cosine"}, {"knn": 1000, "shrink": 773, "similarity": "cosine"}, {"knn": 7, "shrink": 472, "similarity": "cosine"}, {"knn": 1000, "shrink": 753, "similarity": "cosine"}, {"knn": 1000, "shrink": 790, "similarity": "cosine"}, {"knn": 1000, "shrink": 725, "similarity": "cosine"}, {"knn": 998, "shrink": 196, "similarity": "cosine"}, {"knn": 1000, "shrink": 804, "similarity": "cosine"}, {"knn": 1000, "shrink": 714, "similarity": "cosine"}, {"knn": 8, "shrink": 844, "similarity": "cosine"}, {"knn": 1000, "shrink": 303, "similarity": "cosine"}, {"knn": 1000, "shrink": 579, "similarity": "cosine"}, {"knn": 6, "shrink": 229, "similarity": "cosine"}, {"knn": 1000, "shrink": 701, "similarity": "cosine"}, {"knn": 1000, "shrink": 398, "similarity": "cosine"}, {"knn": 1000, "shrink": 704, "similarity": "cosine"}, {"knn": 998, "shrink": 181, "similarity": "cosine"}, {"knn": 5, "shrink": 568, "similarity": "cosine"}, {"knn": 1000, "shrink": 816, "similarity": "cosine"}, {"knn": 999, "shrink": 381, "similarity": "cosine"}, {"knn": 6, "shrink": 849, "similarity": "cosine"}, {"knn": 996, "shrink": 179, "similarity": "cosine"}, {"knn": 7, "shrink": 997, "similarity": "cosine"}, {"knn": 13, "shrink": 1000, "similarity": "cosine"}, {"knn": 18, "shrink": 1000, "similarity": "cosine"}, {"knn": 9, "shrink": 998, "similarity": "cosine"}, {"knn": 11, "shrink": 994, "similarity": "cosine"}, {"knn": 7, "shrink": 994, "similarity": "cosine"}, {"knn": 9, "shrink": 998, "similarity": "cosine"}, {"knn": 991, "shrink": 998, "similarity": "cosine"}, {"knn": 1000, "shrink": 1000, "similarity": "cosine"}, {"knn": 985, "shrink": 1, "similarity": "cosine"}, {"knn": 999, "shrink": 894, "similarity": "cosine"}, {"knn": 994, "shrink": 102, "similarity": "cosine"}, {"knn": 7, "shrink": 144, "similarity": "cosine"}, {"knn": 1000, "shrink": 693, "similarity": "cosine"}, {"knn": 6, "shrink": 311, "similarity": "cosine"}, {"knn": 994, "shrink": 922, "similarity": "cosine"}, {"knn": 1000, "shrink": 685, "similarity": "cosine"}, {"knn": 1000, "shrink": 485, "similarity": "cosine"}, {"knn": 1000, "shrink": 549, "similarity": "cosine"}, {"knn": 1000, "shrink": 693, "similarity": "cosine"}, {"knn": 1000, "shrink": 695, "similarity": "cosine"}, {"knn": 998, "shrink": 898, "similarity": "cosine"}, {"knn": 1000, "shrink": 171, "similarity": "cosine"}, {"knn": 6, "shrink": 476, "similarity": "cosine"}, {"knn": 1000, "shrink": 314, "similarity": "cosine"}, {"knn": 1000, "shrink": 700, "similarity": "cosine"}, {"knn": 996, "shrink": 889, "similarity": "cosine"}, {"knn": 6, "shrink": 158, "similarity": "cosine"}, {"knn": 1000, "shrink": 711, "similarity": "cosine"}, {"knn": 999, "shrink": 321, "similarity": "cosine"}, {"knn": 1000, "shrink": 713, "similarity": "cosine"}, {"knn": 1000, "shrink": 821, "similarity": "cosine"}, {"knn": 1000, "shrink": 705, "similarity": "cosine"}, {"knn": 1000, "shrink": 823, "similarity": "cosine"}, {"knn": 1000, "shrink": 699, "similarity": "cosine"}, {"knn": 995, "shrink": 460, "similarity": "cosine"}, {"knn": 1000, "shrink": 825, "similarity": "cosine"}, {"knn": 1000, "shrink": 287, "similarity": "cosine"}, {"knn": 1000, "shrink": 696, "similarity": "cosine"}, {"knn": 1000, "shrink": 826, "similarity": "cosine"}, {"knn": 1000, "shrink": 287, "similarity": "cosine"}, {"knn": 1000, "shrink": 692, "similarity": "cosine"}, {"knn": 6, "shrink": 315, "similarity": "cosine"}, {"knn": 1000, "shrink": 679, "similarity": "cosine"}, {"knn": 1000, "shrink": 141, "similarity": "cosine"}, {"knn": 1000, "shrink": 839, "similarity": "cosine"}, {"knn": 995, "shrink": 508, "similarity": "cosine"}, {"knn": 999, "shrink": 149, "similarity": "cosine"}, {"knn": 11, "shrink": 587, "similarity": "cosine"}, {"knn": 1000, "shrink": 683, "similarity": "cosine"}, {"knn": 8, "shrink": 871, "similarity": "cosine"}, {"knn": 7, "shrink": 147, "similarity": "cosine"}, {"knn": 1000, "shrink": 684, "similarity": "cosine"}, {"knn": 997, "shrink": 450, "similarity": "cosine"}, {"knn": 1000, "shrink": 460, "similarity": "cosine"}, {"knn": 997, "shrink": 172, "similarity": "cosine"}, {"knn": 6, "shrink": 580, "similarity": "cosine"}, {"knn": 7, "shrink": 856, "similarity": "cosine"}, {"knn": 5, "shrink": 310, "similarity": "cosine"}, {"knn": 999, "shrink": 156, "similarity": "cosine"}, {"knn": 999, "shrink": 463, "similarity": "cosine"}, {"knn": 1000, "shrink": 684, "similarity": "cosine"}, {"knn": 1000, "shrink": 888, "similarity": "cosine"}, {"knn": 999, "shrink": 162, "similarity": "cosine"}, {"knn": 5, "shrink": 142, "similarity": "cosine"}, {"knn": 1000, "shrink": 372, "similarity": "cosine"}, {"knn": 999, "shrink": 338, "similarity": "cosine"}, {"knn": 996, "shrink": 535, "similarity": "cosine"}, {"knn": 8, "shrink": 851, "similarity": "cosine"}, {"knn": 1000, "shrink": 689, "similarity": "cosine"}, {"knn": 1000, "shrink": 691, "similarity": "cosine"}, {"knn": 1000, "shrink": 281, "similarity": "cosine"}, {"knn": 1000, "shrink": 692, "similarity": "cosine"}, {"knn": 1000, "shrink": 159, "similarity": "cosine"}, {"knn": 1000, "shrink": 691, "similarity": "cosine"}, {"knn": 1000, "shrink": 280, "similarity": "cosine"}, {"knn": 1000, "shrink": 694, "similarity": "cosine"}, {"knn": 1000, "shrink": 280, "similarity": "cosine"}, {"knn": 5, "shrink": 538, "similarity": "cosine"}, {"knn": 1000, "shrink": 279, "similarity": "cosine"}, {"knn": 995, "shrink": 894, "similarity": "cosine"}, {"knn": 1000, "shrink": 797, "similarity": "cosine"}, {"knn": 999, "shrink": 454, "similarity": "cosine"}, {"knn": 1000, "shrink": 278, "similarity": "cosine"}, {"knn": 1000, "shrink": 755, "similarity": "cosine"}, {"knn": 1000, "shrink": 808, "similarity": "cosine"}, {"knn": 6, "shrink": 172, "similarity": "cosine"}, {"knn": 8, "shrink": 855, "similarity": "cosine"}, {"knn": 7, "shrink": 389, "similarity": "cosine"}, {"knn": 1000, "shrink": 694, "similarity": "cosine"}, {"knn": 1000, "shrink": 279, "similarity": "cosine"}, {"knn": 999, "shrink": 498, "similarity": "cosine"}, {"knn": 999, "shrink": 161, "similarity": "cosine"}, {"knn": 999, "shrink": 891, "similarity": "cosine"}, {"knn": 1000, "shrink": 695, "similarity": "cosine"}, {"knn": 6, "shrink": 647, "similarity": "cosine"}, {"knn": 1000, "shrink": 280, "similarity": "cosine"}, {"knn": 6, "shrink": 997, "similarity": "cosine"}, {"knn": 996, "shrink": 999, "similarity": "cosine"}, {"knn": 1000, "shrink": 1000, "similarity": "cosine"}, {"knn": 23, "shrink": 1000, "similarity": "cosine"}, {"knn": 16, "shrink": 1000, "similarity": "cosine"}, {"knn": 6, "shrink": 995, "similarity": "cosine"}, {"knn": 1000, "shrink": 1000, "similarity": "cosine"}, {"knn": 14, "shrink": 999, "similarity": "cosine"}, {"knn": 992, "shrink": 2, "similarity": "cosine"}, {"knn": 531, "shrink": 998, "similarity": "cosine"}, {"knn": 539, "shrink": 998, "similarity": "cosine"}, {"knn": 548, "shrink": 1000, "similarity": "cosine"}, {"knn": 596, "shrink": 212, "similarity": "cosine"}, {"knn": 507, "shrink": 999, "similarity": "cosine"}, {"knn": 598, "shrink": 214, "similarity": "cosine"}, {"knn": 503, "shrink": 997, "similarity": "cosine"}, {"knn": 600, "shrink": 215, "similarity": "cosine"}, {"knn": 602, "shrink": 216, "similarity": "cosine"}, {"knn": 1000, "shrink": 273, "similarity": "cosine"}, {"knn": 997, "shrink": 902, "similarity": "cosine"}, {"knn": 997, "shrink": 540, "similarity": "cosine"}, {"knn": 6, "shrink": 132, "similarity": "cosine"}, {"knn": 602, "shrink": 218, "similarity": "cosine"}, {"knn": 8, "shrink": 386, "similarity": "cosine"}, {"knn": 1000, "shrink": 273, "similarity": "cosine"}, {"knn": 996, "shrink": 487, "similarity": "cosine"}, {"knn": 989, "shrink": 897, "similarity": "cosine"}, {"knn": 999, "shrink": 542, "similarity": "cosine"}, {"knn": 1000, "shrink": 273, "similarity": "cosine"}, {"knn": 998, "shrink": 143, "similarity": "cosine"}, {"knn": 5, "shrink": 864, "similarity": "cosine"}, {"knn": 1000, "shrink": 687, "similarity": "cosine"}, {"knn": 6, "shrink": 400, "similarity": "cosine"}, {"knn": 1000, "shrink": 685, "similarity": "cosine"}, {"knn": 1000, "shrink": 266, "similarity": "cosine"}, {"knn": 1000, "shrink": 892, "similarity": "cosine"}, {"knn": 1000, "shrink": 685, "similarity": "cosine"}, {"knn": 1000, "shrink": 138, "similarity": "cosine"}, {"knn": 6, "shrink": 143, "similarity": "cosine"}, {"knn": 1000, "shrink": 270, "similarity": "cosine"}, {"knn": 999, "shrink": 535, "similarity": "cosine"}, {"knn": 5, "shrink": 604, "similarity": "cosine"}, {"knn": 439, "shrink": 1, "similarity": "cosine"}, {"knn": 632, "shrink": 225, "similarity": "cosine"}, {"knn": 549, "shrink": 998, "similarity": "cosine"}, {"knn": 467, "shrink": 1000, "similarity": "cosine"}, {"knn": 633, "shrink": 226, "similarity": "cosine"}, {"knn": 529, "shrink": 996, "similarity": "cosine"}, {"knn": 537, "shrink": 999, "similarity": "cosine"}, {"knn": 6, "shrink": 749, "similarity": "cosine"}, {"knn": 541, "shrink": 999, "similarity": "cosine"}, {"knn": 578, "shrink": 1000, "similarity": "cosine"}, {"knn": 526, "shrink": 133, "similarity": "cosine"}, {"knn": 526, "shrink": 606, "similarity": "cosine"}, {"knn": 6, "shrink": 772, "similarity": "cosine"}, {"knn": 587, "shrink": 1000, "similarity": "cosine"}, {"knn": 634, "shrink": 230, "similarity": "cosine"}, {"knn": 524, "shrink": 610, "similarity": "cosine"}, {"knn": 524, "shrink": 130, "similarity": "cosine"}, {"knn": 636, "shrink": 231, "similarity": "cosine"}, {"knn": 637, "shrink": 232, "similarity": "cosine"}, {"knn": 639, "shrink": 232, "similarity": "cosine"}, {"knn": 557, "shrink": 997, "similarity": "cosine"}, {"knn": 640, "shrink": 232, "similarity": "cosine"}, {"knn": 5, "shrink": 740, "similarity": "cosine"}, {"knn": 539, "shrink": 1000, "similarity": "cosine"}, {"knn": 639, "shrink": 234, "similarity": "cosine"}, {"knn": 531, "shrink": 598, "similarity": "cosine"}, {"knn": 528, "shrink": 595, "similarity": "cosine"}, {"knn": 546, "shrink": 999, "similarity": "cosine"}, {"knn": 640, "shrink": 235, "similarity": "cosine"}, {"knn": 641, "shrink": 235, "similarity": "cosine"}, {"knn": 642, "shrink": 235, "similarity": "cosine"}, {"knn": 643, "shrink": 235, "similarity": "cosine"}, {"knn": 489, "shrink": 864, "similarity": "cosine"}, {"knn": 588, "shrink": 707, "similarity": "cosine"}, {"knn": 11, "shrink": 0, "similarity": "cosine"}, {"knn": 642, "shrink": 230, "similarity": "cosine"}, {"knn": 643, "shrink": 230, "similarity": "cosine"}, {"knn": 7, "shrink": 749, "similarity": "cosine"}, {"knn": 643, "shrink": 231, "similarity": "cosine"}, {"knn": 510, "shrink": 534, "similarity": "cosine"}, {"knn": 524, "shrink": 999, "similarity": "cosine"}, {"knn": 593, "shrink": 706, "similarity": "cosine"}, {"knn": 508, "shrink": 876, "similarity": "cosine"}, {"knn": 644, "shrink": 231, "similarity": "cosine"}, {"knn": 645, "shrink": 231, "similarity": "cosine"}, {"knn": 595, "shrink": 703, "similarity": "cosine"}, {"knn": 500, "shrink": 524, "similarity": "cosine"}, {"knn": 5, "shrink": 745, "similarity": "cosine"}, {"knn": 519, "shrink": 111, "similarity": "cosine"}, {"knn": 536, "shrink": 998, "similarity": "cosine"}, {"knn": 645, "shrink": 232, "similarity": "cosine"}, {"knn": 645, "shrink": 232, "similarity": "cosine"}, {"knn": 601, "shrink": 700, "similarity": "cosine"}, {"knn": 515, "shrink": 1000, "similarity": "cosine"}, {"knn": 503, "shrink": 510, "similarity": "cosine"}, {"knn": 647, "shrink": 233, "similarity": "cosine"}, {"knn": 5, "shrink": 493, "similarity": "cosine"}, {"knn": 502, "shrink": 870, "similarity": "cosine"}, {"knn": 646, "shrink": 233, "similarity": "cosine"}, {"knn": 511, "shrink": 104, "similarity": "cosine"}, {"knn": 517, "shrink": 511, "similarity": "cosine"}]