[{"knn": 906, "shrink": 596, "similarity": "cosine"}, {"knn": 332, "shrink": 689, "similarity": "cosine"}, {"knn": 929, "shrink": 774, "similarity": "cosine"}, {"knn": 480, "shrink": 448, "similarity": "cosine"}, {"knn": 764, "shrink": 821, "similarity": "cosine"}, {"knn": 163, "shrink": 536, "similarity": "cosine"}, {"knn": 921, "shrink": 512, "similarity": "cosine"}, {"knn": 109, "shrink": 672, "similarity": "cosine"}, {"knn": 655, "shrink": 380, "similarity": "cosine"}, {"knn": 503, "shrink": 166, "similarity": "cosine"}, {"knn": 6, "shrink": 119, "similarity": "cosine"}, {"knn": 792, "shrink": 995, "similarity": "cosine"}, {"knn": 367, "shrink": 116, "similarity": "cosine"}, {"knn": 98, "shrink": 364, "similarity": "cosine"}, {"knn": 483, "shrink": 586, "similarity": "cosine"}, {"knn": 996, "shrink": 11, "similarity": "cosine"}, {"knn": 5, "shrink": 1000, "similarity": "cosine"}, {"knn": 994, "shrink": 5, "similarity": "cosine"}, {"knn": 5, "shrink": 1000, "similarity": "cosine"}, {"knn": 17, "shrink": 0, "similarity": "cosine"}, {"knn": 987, "shrink": 997, "similarity": "cosine"}, {"knn": 1000, "shrink": 535, "similarity": "cosine"}, {"knn": 999, "shrink": 984, "similarity": "cosine"}, {"knn": 999, "shrink": 995, "similarity": "cosine"}, {"knn": 9, "shrink": 996, "similarity": "cosine"}, {"knn": 995, "shrink": 3, "similarity": "cosine"}, {"knn": 1000, "shrink": 1000, "similarity": "cosine"}, {"knn": 1000, "shrink": 1000, "similarity": "cosine"}, {"knn": 1000, "shrink": 1000, "similarity": "cosine"}, {"knn": 1000, "shrink": 1000, "similarity": "cosine"}, {"knn": 23, "shrink": 999, "similarity": "cosine"}, {"knn": 5, "shrink": 995, "similarity": "cosine"}, {"knn": 1000, "shrink": 1000, "similarity": "cosine"}, {"knn": 1000, "shrink": 1000, "similarity": "cosine"}, {"knn": 985, "shrink": 3, "similarity": "cosine"}, {"knn": 7, "shrink": 998, "similarity": "cosine"}, {"knn": 507, "shrink": 999, "similarity": "cosine"}, {"knn": 7, "shrink": 2, "similarity": "cosine"}, {"knn": 502, "shrink": 999, "similarity": "cosine"}, {"knn": 7, "shrink": 991, "similarity": "cosine"}, {"knn": 970, "shrink": 2, "similarity": "cosine"}, {"knn": 998, "shrink": 312, "similarity": "cosine"}, {"knn": 996, "shrink": 348, "similarity": "cosine"}, {"knn": 1000, "shrink": 550, "similarity": "cosine"}, {"knn": 1000, "shrink": 538, "similarity": "cosine"}, {"knn": 1000, "shrink": 526, "similarity": "cosine"}, {"knn": 6, "shrink": 708, "similarity": "cosine"}, {"knn": 7, "shrink": 317, "similarity": "cosine"}, {"knn": 998, "shrink": 743, "similarity": "cosine"}, {"knn": 1000, "shrink": 466, "similarity": "cosine"}]