[{"knn": 882, "shrink": 1, "similarity": "cosine"}, {"knn": 321, "shrink": 853, "similarity": "cosine"}, {"knn": 28, "shrink": 205, "similarity": "cosine"}, {"knn": 585, "shrink": 91, "similarity": "cosine"}, {"knn": 922, "shrink": 851, "similarity": "cosine"}, null, null, null, null, null, null, null, null, null, null, null, null, null, null, null, null, null, null, null, null, null, null, null, null, null, null, null, null, null, null, null, null, null, null, null, null, null, null, null, null, null, null, null, null, null]