[{"knn": 216, "shrink": 422, "similarity": "cosine"}, {"knn": 590, "shrink": 805, "similarity": "cosine"}, {"knn": 471, "shrink": 514, "similarity": "cosine"}, {"knn": 191, "shrink": 901, "similarity": "cosine"}, {"knn": 505, "shrink": 959, "similarity": "cosine"}, {"knn": 224, "shrink": 573, "similarity": "cosine"}, {"knn": 73, "shrink": 696, "similarity": "cosine"}, {"knn": 19, "shrink": 917, "similarity": "cosine"}, {"knn": 391, "shrink": 354, "similarity": "cosine"}, {"knn": 635, "shrink": 482, "similarity": "cosine"}, {"knn": 783, "shrink": 234, "similarity": "cosine"}, {"knn": 599, "shrink": 796, "similarity": "cosine"}, {"knn": 199, "shrink": 207, "similarity": "cosine"}, {"knn": 497, "shrink": 78, "similarity": "cosine"}, {"knn": 119, "shrink": 430, "similarity": "cosine"}, {"knn": 1000, "shrink": 0, "similarity": "cosine"}, {"knn": 6, "shrink": 52, "similarity": "cosine"}, {"knn": 5, "shrink": 974, "similarity": "cosine"}, {"knn": 5, "shrink": 1000, "similarity": "cosine"}, {"knn": 388, "shrink": 0, "similarity": "cosine"}, {"knn": 5, "shrink": 242, "similarity": "cosine"}, {"knn": 1000, "shrink": 653, "similarity": "cosine"}, {"knn": 1000, "shrink": 768, "similarity": "cosine"}, {"knn": 5, "shrink": 690, "similarity": "cosine"}, {"knn": 1000, "shrink": 155, "similarity": "cosine"}, {"knn": 996, "shrink": 337, "similarity": "cosine"}, {"knn": 1000, "shrink": 509, "similarity": "cosine"}, {"knn": 1000, "shrink": 850, "similarity": "cosine"}, {"knn": 1000, "shrink": 149, "similarity": "cosine"}, {"knn": 963, "shrink": 999, "similarity": "cosine"}, {"knn": 1000, "shrink": 499, "similarity": "cosine"}, {"knn": 998, "shrink": 333, "similarity": "cosine"}, {"knn": 994, "shrink": 609, "similarity": "cosine"}, {"knn": 993, "shrink": 859, "similarity": "cosine"}, {"knn": 1000, "shrink": 202, "similarity": "cosine"}, {"knn": 980, "shrink": 1000, "similarity": "cosine"}, {"knn": 6, "shrink": 296, "similarity": "cosine"}, {"knn": 8, "shrink": 139, "similarity": "cosine"}, {"knn": 999, "shrink": 618, "similarity": "cosine"}, {"knn": 998, "shrink": 867, "similarity": "cosine"}, {"knn": 975, "shrink": 999, "similarity": "cosine"}, {"knn": 1000, "shrink": 469, "similarity": "cosine"}, {"knn": 999, "shrink": 736, "similarity": "cosine"}, {"knn": 997, "shrink": 355, "similarity": "cosine"}, {"knn": 1000, "shrink": 527, "similarity": "cosine"}, {"knn": 1000, "shrink": 837, "similarity": "cosine"}, {"knn": 968, "shrink": 999, "similarity": "cosine"}, {"knn": 6, "shrink": 620, "similarity": "cosine"}, {"knn": 1000, "shrink": 858, "similarity": "cosine"}, {"knn": 1000, "shrink": 235, "similarity": "cosine"}]