[{"w_user": 815, "w_item": 981, "w_cbf": 251, "w_als": 910}, {"w_user": 622, "w_item": 34, "w_cbf": 269, "w_als": 606}, {"w_user": 580, "w_item": 651, "w_cbf": 285, "w_als": 51}, {"w_user": 271, "w_item": 718, "w_cbf": 191, "w_als": 162}, {"w_user": 606, "w_item": 435, "w_cbf": 21, "w_als": 35}, {"w_user": 929, "w_item": 927, "w_cbf": 191, "w_als": 554}, {"w_user": 949, "w_item": 324, "w_cbf": 25, "w_als": 898}, {"w_user": 782, "w_item": 945, "w_cbf": 211, "w_als": 374}, {"w_user": 471, "w_item": 801, "w_cbf": 216, "w_als": 356}, {"w_user": 190, "w_item": 778, "w_cbf": 9, "w_als": 776}, {"w_user": 21, "w_item": 315, "w_cbf": 63, "w_als": 578}, {"w_user": 690, "w_item": 260, "w_cbf": 16, "w_als": 171}, {"w_user": 502, "w_item": 685, "w_cbf": 201, "w_als": 367}, {"w_user": 359, "w_item": 354, "w_cbf": 15, "w_als": 164}, {"w_user": 703, "w_item": 563, "w_cbf": 91, "w_als": 162}, {"w_user": 194, "w_item": 227, "w_cbf": 107, "w_als": 372}, {"w_user": 173, "w_item": 671, "w_cbf": 85, "w_als": 167}, {"w_user": 51, "w_item": 883, "w_cbf": 258, "w_als": 582}, {"w_user": 641, "w_item": 138, "w_cbf": 29, "w_als": 666}, {"w_user": 799, "w_item": 47, "w_cbf": 202, "w_als": 695}, {"w_user": 76, "w_item": 871, "w_cbf": 126, "w_als": 411}, {"w_user": 246, "w_item": 588, "w_cbf": 215, "w_als": 584}, {"w_user": 814, "w_item": 995, "w_cbf": 59, "w_als": 497}, {"w_user": 529, "w_item": 373, "w_cbf": 83, "w_als": 834}, {"w_user": 147, "w_item": 380, "w_cbf": 61, "w_als": 0}, {"w_user": 793, "w_item": 745, "w_cbf": 256, "w_als": 69}, {"w_user": 102, "w_item": 443, "w_cbf": 129, "w_als": 221}, {"w_user": 496, "w_item": 537, "w_cbf": 292, "w_als": 884}, {"w_user": 45, "w_item": 526, "w_cbf": 45, "w_als": 358}, {"w_user": 165, "w_item": 316, "w_cbf": 239, "w_als": 247}, {"w_user": 660, "w_item": 52, "w_cbf": 179, "w_als": 681}, {"w_user": 578, "w_item": 146, "w_cbf": 192, "w_als": 749}, {"w_user": 219, "w_item": 685, "w_cbf": 218, "w_als": 969}, {"w_user": 501, "w_item": 564, "w_cbf": 103, "w_als": 53}, {"w_user": 794, "w_item": 494, "w_cbf": 269, "w_als": 247}, {"w_user": 983, "w_item": 821, "w_cbf": 68, "w_als": 367}, {"w_user": 801, "w_item": 449, "w_cbf": 77, "w_als": 772}, {"w_user": 891, "w_item": 611, "w_cbf": 21, "w_als": 946}, {"w_user": 226, "w_item": 899, "w_cbf": 178, "w_als": 503}, {"w_user": 530, "w_item": 270, "w_cbf": 180, "w_als": 479}, {"w_user": 771, "w_item": 322, "w_cbf": 220, "w_als": 347}, {"w_user": 329, "w_item": 312, "w_cbf": 237, "w_als": 163}, {"w_user": 24, "w_item": 679, "w_cbf": 199, "w_als": 577}, {"w_user": 528, "w_item": 476, "w_cbf": 63, "w_als": 527}, {"w_user": 431, "w_item": 231, "w_cbf": 87, "w_als": 748}, {"w_user": 582, "w_item": 243, "w_cbf": 100, "w_als": 999}, {"w_user": 402, "w_item": 498, "w_cbf": 173, "w_als": 491}, {"w_user": 132, "w_item": 950, "w_cbf": 150, "w_als": 113}, {"w_user": 547, "w_item": 752, "w_cbf": 149, "w_als": 35}, {"w_user": 564, "w_item": 521, "w_cbf": 113, "w_als": 415}, {"w_user": 663, "w_item": 380, "w_cbf": 58, "w_als": 714}, {"w_user": 948, "w_item": 985, "w_cbf": 158, "w_als": 228}, {"w_user": 211, "w_item": 904, "w_cbf": 230, "w_als": 226}, {"w_user": 193, "w_item": 569, "w_cbf": 265, "w_als": 267}, {"w_user": 722, "w_item": 126, "w_cbf": 17, "w_als": 455}, {"w_user": 645, "w_item": 269, "w_cbf": 214, "w_als": 423}, {"w_user": 174, "w_item": 579, "w_cbf": 35, "w_als": 301}, {"w_user": 964, "w_item": 530, "w_cbf": 113, "w_als": 7}, {"w_user": 507, "w_item": 276, "w_cbf": 125, "w_als": 45}, {"w_user": 193, "w_item": 965, "w_cbf": 222, "w_als": 825}, {"w_user": 658, "w_item": 797, "w_cbf": 263, "w_als": 281}, {"w_user": 797, "w_item": 189, "w_cbf": 114, "w_als": 66}, {"w_user": 452, "w_item": 24, "w_cbf": 289, "w_als": 195}, {"w_user": 140, "w_item": 690, "w_cbf": 1, "w_als": 761}, {"w_user": 667, "w_item": 813, "w_cbf": 234, "w_als": 645}, {"w_user": 428, "w_item": 595, "w_cbf": 266, "w_als": 930}, {"w_user": 293, "w_item": 560, "w_cbf": 89, "w_als": 758}, {"w_user": 86, "w_item": 475, "w_cbf": 186, "w_als": 253}, {"w_user": 860, "w_item": 391, "w_cbf": 129, "w_als": 568}, {"w_user": 503, "w_item": 108, "w_cbf": 221, "w_als": 603}, {"w_user": 687, "w_item": 167, "w_cbf": 142, "w_als": 847}, {"w_user": 162, "w_item": 860, "w_cbf": 99, "w_als": 464}, {"w_user": 746, "w_item": 623, "w_cbf": 204, "w_als": 578}, {"w_user": 973, "w_item": 916, "w_cbf": 246, "w_als": 891}, {"w_user": 616, "w_item": 240, "w_cbf": 189, "w_als": 888}, {"w_user": 986, "w_item": 689, "w_cbf": 179, "w_als": 812}, {"w_user": 276, "w_item": 885, "w_cbf": 224, "w_als": 563}, {"w_user": 838, "w_item": 842, "w_cbf": 249, "w_als": 801}, {"w_user": 188, "w_item": 562, "w_cbf": 46, "w_als": 356}, {"w_user": 377, "w_item": 150, "w_cbf": 33, "w_als": 977}, {"w_user": 171, "w_item": 693, "w_cbf": 291, "w_als": 436}, {"w_user": 772, "w_item": 891, "w_cbf": 68, "w_als": 82}, {"w_user": 377, "w_item": 475, "w_cbf": 222, "w_als": 446}, {"w_user": 487, "w_item": 88, "w_cbf": 90, "w_als": 233}, {"w_user": 523, "w_item": 661, "w_cbf": 107, "w_als": 415}, {"w_user": 590, "w_item": 858, "w_cbf": 260, "w_als": 169}, {"w_user": 143, "w_item": 813, "w_cbf": 120, "w_als": 945}, {"w_user": 482, "w_item": 532, "w_cbf": 97, "w_als": 429}, {"w_user": 693, "w_item": 954, "w_cbf": 252, "w_als": 597}, {"w_user": 97, "w_item": 24, "w_cbf": 227, "w_als": 297}, {"w_user": 188, "w_item": 44, "w_cbf": 256, "w_als": 874}, {"w_user": 312, "w_item": 934, "w_cbf": 6, "w_als": 820}, {"w_user": 467, "w_item": 69, "w_cbf": 217, "w_als": 688}, {"w_user": 73, "w_item": 524, "w_cbf": 292, "w_als": 756}, {"w_user": 749, "w_item": 302, "w_cbf": 76, "w_als": 820}, {"w_user": 232, "w_item": 541, "w_cbf": 148, "w_als": 996}, {"w_user": 543, "w_item": 225, "w_cbf": 42, "w_als": 47}, {"w_user": 883, "w_item": 232, "w_cbf": 183, "w_als": 383}, {"w_user": 127, "w_item": 566, "w_cbf": 147, "w_als": 380}, {"w_user": 780, "w_item": 334, "w_cbf": 30, "w_als": 647}, {"w_user": 681, "w_item": 215, "w_cbf": 133, "w_als": 408}, {"w_user": 117, "w_item": 655, "w_cbf": 236, "w_als": 220}, {"w_user": 938, "w_item": 378, "w_cbf": 107, "w_als": 148}, {"w_user": 552, "w_item": 522, "w_cbf": 211, "w_als": 118}, {"w_user": 554, "w_item": 305, "w_cbf": 48, "w_als": 460}, {"w_user": 145, "w_item": 600, "w_cbf": 36, "w_als": 647}, {"w_user": 940, "w_item": 727, "w_cbf": 81, "w_als": 853}, {"w_user": 565, "w_item": 760, "w_cbf": 37, "w_als": 65}, {"w_user": 316, "w_item": 80, "w_cbf": 259, "w_als": 435}, {"w_user": 382, "w_item": 750, "w_cbf": 76, "w_als": 934}, {"w_user": 537, "w_item": 90, "w_cbf": 136, "w_als": 451}, {"w_user": 503, "w_item": 182, "w_cbf": 18, "w_als": 56}, {"w_user": 883, "w_item": 325, "w_cbf": 185, "w_als": 888}, {"w_user": 923, "w_item": 460, "w_cbf": 56, "w_als": 239}, {"w_user": 949, "w_item": 861, "w_cbf": 224, "w_als": 613}, {"w_user": 838, "w_item": 642, "w_cbf": 11, "w_als": 594}, {"w_user": 666, "w_item": 884, "w_cbf": 123, "w_als": 373}, {"w_user": 865, "w_item": 481, "w_cbf": 221, "w_als": 216}, {"w_user": 456, "w_item": 49, "w_cbf": 288, "w_als": 120}, {"w_user": 47, "w_item": 773, "w_cbf": 204, "w_als": 74}, {"w_user": 460, "w_item": 719, "w_cbf": 75, "w_als": 200}, {"w_user": 54, "w_item": 483, "w_cbf": 158, "w_als": 77}, {"w_user": 863, "w_item": 965, "w_cbf": 206, "w_als": 754}, {"w_user": 892, "w_item": 453, "w_cbf": 84, "w_als": 67}, {"w_user": 469, "w_item": 377, "w_cbf": 280, "w_als": 516}, {"w_user": 313, "w_item": 767, "w_cbf": 17, "w_als": 995}, {"w_user": 245, "w_item": 261, "w_cbf": 60, "w_als": 803}, {"w_user": 587, "w_item": 317, "w_cbf": 48, "w_als": 35}, {"w_user": 777, "w_item": 845, "w_cbf": 237, "w_als": 834}, {"w_user": 484, "w_item": 772, "w_cbf": 175, "w_als": 925}, {"w_user": 797, "w_item": 707, "w_cbf": 275, "w_als": 42}, {"w_user": 765, "w_item": 188, "w_cbf": 87, "w_als": 114}, {"w_user": 507, "w_item": 493, "w_cbf": 89, "w_als": 468}, {"w_user": 51, "w_item": 103, "w_cbf": 190, "w_als": 747}, {"w_user": 85, "w_item": 53, "w_cbf": 132, "w_als": 937}, {"w_user": 201, "w_item": 479, "w_cbf": 252, "w_als": 954}, {"w_user": 251, "w_item": 703, "w_cbf": 55, "w_als": 43}, {"w_user": 102, "w_item": 182, "w_cbf": 127, "w_als": 235}, {"w_user": 124, "w_item": 328, "w_cbf": 109, "w_als": 408}, {"w_user": 969, "w_item": 828, "w_cbf": 60, "w_als": 588}, {"w_user": 569, "w_item": 599, "w_cbf": 165, "w_als": 720}, {"w_user": 993, "w_item": 623, "w_cbf": 295, "w_als": 609}, {"w_user": 938, "w_item": 397, "w_cbf": 105, "w_als": 426}, {"w_user": 22, "w_item": 528, "w_cbf": 227, "w_als": 225}, {"w_user": 458, "w_item": 999, "w_cbf": 269, "w_als": 59}, {"w_user": 383, "w_item": 909, "w_cbf": 193, "w_als": 213}, {"w_user": 629, "w_item": 926, "w_cbf": 66, "w_als": 532}, {"w_user": 956, "w_item": 92, "w_cbf": 80, "w_als": 282}, {"w_user": 958, "w_item": 883, "w_cbf": 115, "w_als": 736}, {"w_user": 21, "w_item": 789, "w_cbf": 137, "w_als": 915}, {"w_user": 296, "w_item": 851, "w_cbf": 7, "w_als": 212}, {"w_user": 478, "w_item": 356, "w_cbf": 231, "w_als": 731}, {"w_user": 935, "w_item": 324, "w_cbf": 166, "w_als": 16}, {"w_user": 567, "w_item": 324, "w_cbf": 239, "w_als": 939}, {"w_user": 137, "w_item": 586, "w_cbf": 110, "w_als": 694}, {"w_user": 644, "w_item": 936, "w_cbf": 60, "w_als": 222}, {"w_user": 632, "w_item": 512, "w_cbf": 152, "w_als": 377}, {"w_user": 380, "w_item": 606, "w_cbf": 271, "w_als": 993}, {"w_user": 1, "w_item": 382, "w_cbf": 269, "w_als": 414}, {"w_user": 790, "w_item": 183, "w_cbf": 60, "w_als": 111}, {"w_user": 670, "w_item": 182, "w_cbf": 257, "w_als": 73}, {"w_user": 623, "w_item": 680, "w_cbf": 228, "w_als": 305}, {"w_user": 474, "w_item": 725, "w_cbf": 67, "w_als": 322}, {"w_user": 263, "w_item": 427, "w_cbf": 5, "w_als": 842}, {"w_user": 394, "w_item": 801, "w_cbf": 3, "w_als": 760}, {"w_user": 348, "w_item": 424, "w_cbf": 117, "w_als": 514}, {"w_user": 411, "w_item": 850, "w_cbf": 11, "w_als": 53}, {"w_user": 749, "w_item": 764, "w_cbf": 67, "w_als": 74}, {"w_user": 393, "w_item": 556, "w_cbf": 12, "w_als": 581}, {"w_user": 46, "w_item": 738, "w_cbf": 4, "w_als": 550}, {"w_user": 784, "w_item": 128, "w_cbf": 171, "w_als": 866}, {"w_user": 435, "w_item": 976, "w_cbf": 199, "w_als": 622}, {"w_user": 68, "w_item": 499, "w_cbf": 235, "w_als": 839}, {"w_user": 884, "w_item": 694, "w_cbf": 253, "w_als": 341}, {"w_user": 519, "w_item": 970, "w_cbf": 66, "w_als": 316}, {"w_user": 912, "w_item": 235, "w_cbf": 8, "w_als": 908}, {"w_user": 676, "w_item": 3, "w_cbf": 145, "w_als": 993}, {"w_user": 174, "w_item": 869, "w_cbf": 158, "w_als": 531}, {"w_user": 332, "w_item": 903, "w_cbf": 115, "w_als": 266}, {"w_user": 72, "w_item": 134, "w_cbf": 45, "w_als": 404}, {"w_user": 438, "w_item": 835, "w_cbf": 32, "w_als": 515}, {"w_user": 832, "w_item": 547, "w_cbf": 260, "w_als": 769}, {"w_user": 463, "w_item": 522, "w_cbf": 20, "w_als": 651}, {"w_user": 235, "w_item": 440, "w_cbf": 83, "w_als": 776}, {"w_user": 611, "w_item": 35, "w_cbf": 52, "w_als": 565}, {"w_user": 263, "w_item": 682, "w_cbf": 114, "w_als": 303}, {"w_user": 701, "w_item": 629, "w_cbf": 212, "w_als": 498}, {"w_user": 785, "w_item": 494, "w_cbf": 2, "w_als": 120}, {"w_user": 822, "w_item": 343, "w_cbf": 121, "w_als": 560}, {"w_user": 357, "w_item": 170, "w_cbf": 169, "w_als": 319}, {"w_user": 936, "w_item": 856, "w_cbf": 276, "w_als": 871}, {"w_user": 714, "w_item": 230, "w_cbf": 51, "w_als": 750}, {"w_user": 304, "w_item": 868, "w_cbf": 85, "w_als": 671}, {"w_user": 248, "w_item": 648, "w_cbf": 155, "w_als": 34}, {"w_user": 365, "w_item": 876, "w_cbf": 267, "w_als": 724}, {"w_user": 480, "w_item": 279, "w_cbf": 63, "w_als": 435}, {"w_user": 677, "w_item": 872, "w_cbf": 93, "w_als": 239}, {"w_user": 998, "w_item": 266, "w_cbf": 1, "w_als": 509}, {"w_user": 93, "w_item": 617, "w_cbf": 250, "w_als": 159}, {"w_user": 266, "w_item": 509, "w_cbf": 240, "w_als": 184}, {"w_user": 122, "w_item": 566, "w_cbf": 142, "w_als": 373}, {"w_user": 171, "w_item": 417, "w_cbf": 263, "w_als": 411}, {"w_user": 674, "w_item": 904, "w_cbf": 231, "w_als": 25}, {"w_user": 651, "w_item": 700, "w_cbf": 208, "w_als": 815}, {"w_user": 23, "w_item": 111, "w_cbf": 181, "w_als": 284}, {"w_user": 292, "w_item": 105, "w_cbf": 284, "w_als": 748}, {"w_user": 644, "w_item": 868, "w_cbf": 159, "w_als": 337}, {"w_user": 948, "w_item": 317, "w_cbf": 209, "w_als": 875}, {"w_user": 317, "w_item": 341, "w_cbf": 132, "w_als": 499}, {"w_user": 199, "w_item": 472, "w_cbf": 176, "w_als": 882}, {"w_user": 538, "w_item": 890, "w_cbf": 11, "w_als": 557}, {"w_user": 572, "w_item": 58, "w_cbf": 73, "w_als": 783}, {"w_user": 850, "w_item": 446, "w_cbf": 241, "w_als": 918}, {"w_user": 87, "w_item": 758, "w_cbf": 112, "w_als": 809}, {"w_user": 769, "w_item": 778, "w_cbf": 141, "w_als": 736}, {"w_user": 219, "w_item": 703, "w_cbf": 230, "w_als": 763}, {"w_user": 638, "w_item": 697, "w_cbf": 200, "w_als": 781}, {"w_user": 7, "w_item": 530, "w_cbf": 231, "w_als": 319}, {"w_user": 136, "w_item": 534, "w_cbf": 13, "w_als": 719}, {"w_user": 924, "w_item": 759, "w_cbf": 142, "w_als": 814}, {"w_user": 268, "w_item": 777, "w_cbf": 295, "w_als": 919}, {"w_user": 981, "w_item": 876, "w_cbf": 109, "w_als": 743}, {"w_user": 112, "w_item": 309, "w_cbf": 174, "w_als": 293}, {"w_user": 410, "w_item": 830, "w_cbf": 33, "w_als": 659}, {"w_user": 941, "w_item": 524, "w_cbf": 141, "w_als": 184}, {"w_user": 103, "w_item": 53, "w_cbf": 78, "w_als": 844}, {"w_user": 710, "w_item": 461, "w_cbf": 98, "w_als": 350}, {"w_user": 660, "w_item": 312, "w_cbf": 6, "w_als": 277}, {"w_user": 388, "w_item": 375, "w_cbf": 283, "w_als": 399}, {"w_user": 737, "w_item": 543, "w_cbf": 212, "w_als": 703}, {"w_user": 188, "w_item": 233, "w_cbf": 257, "w_als": 962}, {"w_user": 892, "w_item": 580, "w_cbf": 8, "w_als": 207}, {"w_user": 780, "w_item": 247, "w_cbf": 209, "w_als": 91}, {"w_user": 11, "w_item": 632, "w_cbf": 145, "w_als": 257}, {"w_user": 47, "w_item": 728, "w_cbf": 161, "w_als": 962}, {"w_user": 652, "w_item": 176, "w_cbf": 52, "w_als": 104}, {"w_user": 936, "w_item": 605, "w_cbf": 159, "w_als": 712}, {"w_user": 535, "w_item": 559, "w_cbf": 160, "w_als": 905}, {"w_user": 32, "w_item": 901, "w_cbf": 207, "w_als": 835}, {"w_user": 536, "w_item": 579, "w_cbf": 194, "w_als": 647}, {"w_user": 840, "w_item": 647, "w_cbf": 278, "w_als": 438}, {"w_user": 912, "w_item": 234, "w_cbf": 236, "w_als": 674}, {"w_user": 890, "w_item": 628, "w_cbf": 160, "w_als": 461}, {"w_user": 682, "w_item": 804, "w_cbf": 42, "w_als": 74}, {"w_user": 590, "w_item": 214, "w_cbf": 266, "w_als": 469}, {"w_user": 463, "w_item": 316, "w_cbf": 265, "w_als": 639}, {"w_user": 172, "w_item": 731, "w_cbf": 139, "w_als": 929}, {"w_user": 123, "w_item": 754, "w_cbf": 269, "w_als": 838}, {"w_user": 152, "w_item": 17, "w_cbf": 157, "w_als": 539}, {"w_user": 620, "w_item": 541, "w_cbf": 202, "w_als": 703}, {"w_user": 334, "w_item": 710, "w_cbf": 186, "w_als": 664}, {"w_user": 800, "w_item": 739, "w_cbf": 273, "w_als": 717}, {"w_user": 393, "w_item": 687, "w_cbf": 287, "w_als": 813}, {"w_user": 351, "w_item": 979, "w_cbf": 132, "w_als": 336}, {"w_user": 573, "w_item": 39, "w_cbf": 2, "w_als": 371}, {"w_user": 150, "w_item": 451, "w_cbf": 188, "w_als": 65}, {"w_user": 89, "w_item": 685, "w_cbf": 36, "w_als": 402}, {"w_user": 701, "w_item": 16, "w_cbf": 90, "w_als": 918}, {"w_user": 967, "w_item": 729, "w_cbf": 23, "w_als": 2}, {"w_user": 703, "w_item": 95, "w_cbf": 293, "w_als": 70}, {"w_user": 299, "w_item": 715, "w_cbf": 282, "w_als": 255}, {"w_user": 991, "w_item": 804, "w_cbf": 69, "w_als": 68}, {"w_user": 922, "w_item": 288, "w_cbf": 33, "w_als": 540}, {"w_user": 302, "w_item": 227, "w_cbf": 202, "w_als": 718}, {"w_user": 682, "w_item": 666, "w_cbf": 83, "w_als": 526}, {"w_user": 299, "w_item": 822, "w_cbf": 182, "w_als": 42}, {"w_user": 844, "w_item": 274, "w_cbf": 251, "w_als": 646}, {"w_user": 340, "w_item": 672, "w_cbf": 112, "w_als": 909}, {"w_user": 39, "w_item": 970, "w_cbf": 114, "w_als": 375}, {"w_user": 922, "w_item": 930, "w_cbf": 273, "w_als": 420}, {"w_user": 145, "w_item": 779, "w_cbf": 86, "w_als": 606}, {"w_user": 98, "w_item": 757, "w_cbf": 131, "w_als": 80}, {"w_user": 63, "w_item": 909, "w_cbf": 68, "w_als": 878}, {"w_user": 251, "w_item": 592, "w_cbf": 59, "w_als": 778}, {"w_user": 826, "w_item": 214, "w_cbf": 114, "w_als": 281}, {"w_user": 950, "w_item": 243, "w_cbf": 181, "w_als": 47}, {"w_user": 840, "w_item": 422, "w_cbf": 163, "w_als": 184}, {"w_user": 536, "w_item": 363, "w_cbf": 204, "w_als": 286}, {"w_user": 234, "w_item": 69, "w_cbf": 25, "w_als": 282}, {"w_user": 437, "w_item": 179, "w_cbf": 45, "w_als": 128}, {"w_user": 93, "w_item": 731, "w_cbf": 173, "w_als": 445}, {"w_user": 345, "w_item": 24, "w_cbf": 102, "w_als": 603}, {"w_user": 857, "w_item": 140, "w_cbf": 18, "w_als": 563}, {"w_user": 502, "w_item": 246, "w_cbf": 57, "w_als": 749}, {"w_user": 973, "w_item": 26, "w_cbf": 87, "w_als": 146}, {"w_user": 186, "w_item": 864, "w_cbf": 170, "w_als": 123}, {"w_user": 725, "w_item": 843, "w_cbf": 75, "w_als": 655}, {"w_user": 501, "w_item": 771, "w_cbf": 228, "w_als": 531}, {"w_user": 238, "w_item": 747, "w_cbf": 242, "w_als": 654}, {"w_user": 487, "w_item": 695, "w_cbf": 124, "w_als": 788}, {"w_user": 769, "w_item": 255, "w_cbf": 226, "w_als": 206}, {"w_user": 267, "w_item": 360, "w_cbf": 62, "w_als": 571}, {"w_user": 965, "w_item": 584, "w_cbf": 188, "w_als": 219}, {"w_user": 574, "w_item": 997, "w_cbf": 153, "w_als": 758}, {"w_user": 856, "w_item": 950, "w_cbf": 161, "w_als": 129}, {"w_user": 745, "w_item": 917, "w_cbf": 171, "w_als": 783}, {"w_user": 793, "w_item": 745, "w_cbf": 65, "w_als": 680}, {"w_user": 39, "w_item": 472, "w_cbf": 211, "w_als": 348}, {"w_user": 66, "w_item": 728, "w_cbf": 232, "w_als": 737}, {"w_user": 169, "w_item": 643, "w_cbf": 155, "w_als": 784}, {"w_user": 979, "w_item": 286, "w_cbf": 176, "w_als": 754}, {"w_user": 749, "w_item": 745, "w_cbf": 112, "w_als": 181}, {"w_user": 883, "w_item": 682, "w_cbf": 131, "w_als": 234}, {"w_user": 608, "w_item": 784, "w_cbf": 267, "w_als": 185}, {"w_user": 751, "w_item": 626, "w_cbf": 296, "w_als": 282}, {"w_user": 417, "w_item": 712, "w_cbf": 112, "w_als": 378}, {"w_user": 449, "w_item": 799, "w_cbf": 11, "w_als": 572}, {"w_user": 499, "w_item": 773, "w_cbf": 80, "w_als": 793}, {"w_user": 338, "w_item": 722, "w_cbf": 92, "w_als": 626}, {"w_user": 173, "w_item": 582, "w_cbf": 202, "w_als": 477}, {"w_user": 575, "w_item": 873, "w_cbf": 266, "w_als": 30}, {"w_user": 602, "w_item": 857, "w_cbf": 59, "w_als": 993}, {"w_user": 529, "w_item": 728, "w_cbf": 143, "w_als": 786}, {"w_user": 740, "w_item": 778, "w_cbf": 237, "w_als": 56}, {"w_user": 268, "w_item": 288, "w_cbf": 218, "w_als": 142}, {"w_user": 447, "w_item": 698, "w_cbf": 83, "w_als": 740}, {"w_user": 569, "w_item": 521, "w_cbf": 45, "w_als": 290}, {"w_user": 742, "w_item": 522, "w_cbf": 70, "w_als": 958}, {"w_user": 577, "w_item": 865, "w_cbf": 166, "w_als": 174}, {"w_user": 752, "w_item": 462, "w_cbf": 139, "w_als": 244}, {"w_user": 623, "w_item": 969, "w_cbf": 26, "w_als": 909}, {"w_user": 951, "w_item": 156, "w_cbf": 214, "w_als": 243}, {"w_user": 475, "w_item": 425, "w_cbf": 93, "w_als": 953}, {"w_user": 801, "w_item": 701, "w_cbf": 186, "w_als": 881}, {"w_user": 366, "w_item": 583, "w_cbf": 263, "w_als": 400}, {"w_user": 483, "w_item": 455, "w_cbf": 173, "w_als": 800}, {"w_user": 454, "w_item": 788, "w_cbf": 139, "w_als": 785}, {"w_user": 197, "w_item": 104, "w_cbf": 173, "w_als": 541}, {"w_user": 220, "w_item": 283, "w_cbf": 238, "w_als": 786}, {"w_user": 472, "w_item": 487, "w_cbf": 214, "w_als": 492}, {"w_user": 172, "w_item": 387, "w_cbf": 205, "w_als": 575}, {"w_user": 973, "w_item": 553, "w_cbf": 100, "w_als": 10}, {"w_user": 969, "w_item": 561, "w_cbf": 52, "w_als": 104}, {"w_user": 53, "w_item": 165, "w_cbf": 198, "w_als": 471}, {"w_user": 227, "w_item": 175, "w_cbf": 275, "w_als": 694}, {"w_user": 183, "w_item": 686, "w_cbf": 180, "w_als": 217}, {"w_user": 177, "w_item": 656, "w_cbf": 89, "w_als": 166}, {"w_user": 221, "w_item": 283, "w_cbf": 187, "w_als": 346}, {"w_user": 912, "w_item": 210, "w_cbf": 7, "w_als": 981}, {"w_user": 355, "w_item": 857, "w_cbf": 182, "w_als": 530}, {"w_user": 795, "w_item": 499, "w_cbf": 169, "w_als": 316}, {"w_user": 714, "w_item": 819, "w_cbf": 16, "w_als": 995}, {"w_user": 78, "w_item": 618, "w_cbf": 192, "w_als": 175}, {"w_user": 67, "w_item": 981, "w_cbf": 221, "w_als": 729}, {"w_user": 547, "w_item": 294, "w_cbf": 178, "w_als": 728}, {"w_user": 700, "w_item": 23, "w_cbf": 72, "w_als": 126}, {"w_user": 324, "w_item": 431, "w_cbf": 174, "w_als": 456}, {"w_user": 188, "w_item": 830, "w_cbf": 52, "w_als": 314}, {"w_user": 429, "w_item": 190, "w_cbf": 251, "w_als": 530}, {"w_user": 670, "w_item": 873, "w_cbf": 2, "w_als": 650}, {"w_user": 358, "w_item": 213, "w_cbf": 274, "w_als": 189}, {"w_user": 290, "w_item": 949, "w_cbf": 184, "w_als": 875}, {"w_user": 687, "w_item": 830, "w_cbf": 179, "w_als": 682}, {"w_user": 317, "w_item": 7, "w_cbf": 209, "w_als": 711}, {"w_user": 910, "w_item": 732, "w_cbf": 273, "w_als": 751}, {"w_user": 83, "w_item": 281, "w_cbf": 295, "w_als": 280}, {"w_user": 34, "w_item": 897, "w_cbf": 161, "w_als": 384}, {"w_user": 180, "w_item": 999, "w_cbf": 194, "w_als": 352}, {"w_user": 889, "w_item": 693, "w_cbf": 233, "w_als": 484}, {"w_user": 288, "w_item": 318, "w_cbf": 3, "w_als": 675}, {"w_user": 71, "w_item": 750, "w_cbf": 61, "w_als": 962}, {"w_user": 177, "w_item": 752, "w_cbf": 127, "w_als": 170}, {"w_user": 853, "w_item": 399, "w_cbf": 88, "w_als": 588}, {"w_user": 740, "w_item": 876, "w_cbf": 280, "w_als": 651}, {"w_user": 487, "w_item": 141, "w_cbf": 30, "w_als": 739}, {"w_user": 268, "w_item": 669, "w_cbf": 199, "w_als": 413}, {"w_user": 154, "w_item": 166, "w_cbf": 134, "w_als": 525}, {"w_user": 413, "w_item": 712, "w_cbf": 291, "w_als": 15}, {"w_user": 923, "w_item": 715, "w_cbf": 267, "w_als": 375}, {"w_user": 45, "w_item": 91, "w_cbf": 97, "w_als": 60}, {"w_user": 927, "w_item": 120, "w_cbf": 62, "w_als": 92}, {"w_user": 525, "w_item": 151, "w_cbf": 115, "w_als": 823}, {"w_user": 739, "w_item": 63, "w_cbf": 131, "w_als": 156}, {"w_user": 87, "w_item": 898, "w_cbf": 245, "w_als": 366}, {"w_user": 274, "w_item": 645, "w_cbf": 269, "w_als": 10}, {"w_user": 245, "w_item": 623, "w_cbf": 264, "w_als": 466}, {"w_user": 595, "w_item": 329, "w_cbf": 277, "w_als": 364}, {"w_user": 782, "w_item": 860, "w_cbf": 245, "w_als": 395}, {"w_user": 889, "w_item": 778, "w_cbf": 3, "w_als": 355}, {"w_user": 781, "w_item": 139, "w_cbf": 64, "w_als": 586}, {"w_user": 986, "w_item": 474, "w_cbf": 46, "w_als": 273}, {"w_user": 415, "w_item": 728, "w_cbf": 199, "w_als": 321}, {"w_user": 852, "w_item": 626, "w_cbf": 205, "w_als": 262}, {"w_user": 681, "w_item": 610, "w_cbf": 84, "w_als": 738}, {"w_user": 431, "w_item": 982, "w_cbf": 105, "w_als": 362}, {"w_user": 548, "w_item": 154, "w_cbf": 205, "w_als": 486}, {"w_user": 130, "w_item": 242, "w_cbf": 104, "w_als": 36}, {"w_user": 277, "w_item": 891, "w_cbf": 126, "w_als": 567}, {"w_user": 107, "w_item": 818, "w_cbf": 242, "w_als": 612}, {"w_user": 731, "w_item": 264, "w_cbf": 1, "w_als": 89}, {"w_user": 372, "w_item": 709, "w_cbf": 27, "w_als": 867}, {"w_user": 889, "w_item": 395, "w_cbf": 99, "w_als": 860}, {"w_user": 16, "w_item": 824, "w_cbf": 280, "w_als": 878}, {"w_user": 131, "w_item": 93, "w_cbf": 23, "w_als": 348}, {"w_user": 573, "w_item": 79, "w_cbf": 48, "w_als": 955}, {"w_user": 662, "w_item": 98, "w_cbf": 106, "w_als": 932}, {"w_user": 310, "w_item": 610, "w_cbf": 174, "w_als": 540}, {"w_user": 952, "w_item": 818, "w_cbf": 111, "w_als": 425}, {"w_user": 127, "w_item": 457, "w_cbf": 47, "w_als": 230}, {"w_user": 853, "w_item": 36, "w_cbf": 67, "w_als": 733}, {"w_user": 818, "w_item": 910, "w_cbf": 165, "w_als": 940}, {"w_user": 895, "w_item": 443, "w_cbf": 63, "w_als": 996}, {"w_user": 914, "w_item": 139, "w_cbf": 269, "w_als": 71}, {"w_user": 767, "w_item": 301, "w_cbf": 284, "w_als": 830}, {"w_user": 940, "w_item": 584, "w_cbf": 218, "w_als": 925}, {"w_user": 470, "w_item": 96, "w_cbf": 78, "w_als": 582}, {"w_user": 476, "w_item": 545, "w_cbf": 146, "w_als": 730}, {"w_user": 168, "w_item": 140, "w_cbf": 202, "w_als": 647}, {"w_user": 248, "w_item": 122, "w_cbf": 96, "w_als": 493}, {"w_user": 502, "w_item": 285, "w_cbf": 219, "w_als": 97}, {"w_user": 749, "w_item": 3, "w_cbf": 287, "w_als": 589}, {"w_user": 692, "w_item": 558, "w_cbf": 298, "w_als": 255}, {"w_user": 461, "w_item": 260, "w_cbf": 259, "w_als": 294}, {"w_user": 196, "w_item": 535, "w_cbf": 217, "w_als": 465}, {"w_user": 515, "w_item": 774, "w_cbf": 229, "w_als": 39}, {"w_user": 68, "w_item": 244, "w_cbf": 65, "w_als": 220}, {"w_user": 256, "w_item": 660, "w_cbf": 180, "w_als": 542}, {"w_user": 574, "w_item": 764, "w_cbf": 297, "w_als": 400}, {"w_user": 641, "w_item": 477, "w_cbf": 234, "w_als": 716}, {"w_user": 190, "w_item": 574, "w_cbf": 93, "w_als": 108}, {"w_user": 173, "w_item": 853, "w_cbf": 61, "w_als": 94}, {"w_user": 450, "w_item": 676, "w_cbf": 200, "w_als": 441}, {"w_user": 855, "w_item": 376, "w_cbf": 177, "w_als": 384}, {"w_user": 272, "w_item": 209, "w_cbf": 154, "w_als": 349}, {"w_user": 645, "w_item": 477, "w_cbf": 232, "w_als": 244}, {"w_user": 484, "w_item": 117, "w_cbf": 196, "w_als": 614}, {"w_user": 535, "w_item": 330, "w_cbf": 38, "w_als": 68}, {"w_user": 646, "w_item": 537, "w_cbf": 191, "w_als": 717}, {"w_user": 555, "w_item": 240, "w_cbf": 265, "w_als": 908}, {"w_user": 657, "w_item": 118, "w_cbf": 167, "w_als": 348}, {"w_user": 286, "w_item": 23, "w_cbf": 53, "w_als": 648}, {"w_user": 431, "w_item": 280, "w_cbf": 223, "w_als": 267}, {"w_user": 300, "w_item": 340, "w_cbf": 76, "w_als": 392}, {"w_user": 53, "w_item": 794, "w_cbf": 219, "w_als": 864}, {"w_user": 77, "w_item": 874, "w_cbf": 97, "w_als": 198}, {"w_user": 69, "w_item": 466, "w_cbf": 58, "w_als": 277}, {"w_user": 877, "w_item": 239, "w_cbf": 76, "w_als": 762}, {"w_user": 358, "w_item": 735, "w_cbf": 172, "w_als": 743}, {"w_user": 795, "w_item": 332, "w_cbf": 299, "w_als": 221}, {"w_user": 518, "w_item": 279, "w_cbf": 220, "w_als": 361}, {"w_user": 968, "w_item": 79, "w_cbf": 282, "w_als": 646}, {"w_user": 377, "w_item": 62, "w_cbf": 284, "w_als": 479}, {"w_user": 992, "w_item": 87, "w_cbf": 188, "w_als": 333}, {"w_user": 296, "w_item": 845, "w_cbf": 8, "w_als": 571}, {"w_user": 337, "w_item": 747, "w_cbf": 96, "w_als": 228}, {"w_user": 732, "w_item": 369, "w_cbf": 182, "w_als": 167}, {"w_user": 964, "w_item": 830, "w_cbf": 216, "w_als": 834}, {"w_user": 454, "w_item": 95, "w_cbf": 123, "w_als": 784}, {"w_user": 133, "w_item": 881, "w_cbf": 252, "w_als": 468}, {"w_user": 55, "w_item": 528, "w_cbf": 36, "w_als": 191}, {"w_user": 423, "w_item": 732, "w_cbf": 63, "w_als": 892}, {"w_user": 896, "w_item": 249, "w_cbf": 257, "w_als": 965}, {"w_user": 310, "w_item": 691, "w_cbf": 146, "w_als": 818}, {"w_user": 536, "w_item": 342, "w_cbf": 11, "w_als": 817}, {"w_user": 906, "w_item": 882, "w_cbf": 159, "w_als": 423}, {"w_user": 194, "w_item": 608, "w_cbf": 180, "w_als": 947}, {"w_user": 872, "w_item": 840, "w_cbf": 190, "w_als": 234}, {"w_user": 640, "w_item": 610, "w_cbf": 167, "w_als": 410}, {"w_user": 359, "w_item": 590, "w_cbf": 242, "w_als": 311}, {"w_user": 812, "w_item": 929, "w_cbf": 61, "w_als": 605}, {"w_user": 616, "w_item": 257, "w_cbf": 288, "w_als": 550}, {"w_user": 14, "w_item": 790, "w_cbf": 15, "w_als": 283}, {"w_user": 189, "w_item": 145, "w_cbf": 146, "w_als": 860}, {"w_user": 382, "w_item": 311, "w_cbf": 72, "w_als": 402}, {"w_user": 241, "w_item": 340, "w_cbf": 228, "w_als": 410}, {"w_user": 251, "w_item": 1, "w_cbf": 143, "w_als": 904}, {"w_user": 809, "w_item": 525, "w_cbf": 41, "w_als": 450}, {"w_user": 320, "w_item": 696, "w_cbf": 189, "w_als": 545}, {"w_user": 4, "w_item": 230, "w_cbf": 294, "w_als": 494}, {"w_user": 350, "w_item": 334, "w_cbf": 172, "w_als": 10}, {"w_user": 253, "w_item": 393, "w_cbf": 128, "w_als": 242}, {"w_user": 570, "w_item": 987, "w_cbf": 76, "w_als": 935}, {"w_user": 361, "w_item": 14, "w_cbf": 245, "w_als": 718}, {"w_user": 118, "w_item": 289, "w_cbf": 144, "w_als": 648}, {"w_user": 222, "w_item": 791, "w_cbf": 265, "w_als": 423}, {"w_user": 164, "w_item": 550, "w_cbf": 231, "w_als": 438}, {"w_user": 558, "w_item": 803, "w_cbf": 175, "w_als": 537}, {"w_user": 491, "w_item": 116, "w_cbf": 53, "w_als": 524}, {"w_user": 5, "w_item": 283, "w_cbf": 28, "w_als": 442}, {"w_user": 930, "w_item": 133, "w_cbf": 283, "w_als": 640}, {"w_user": 926, "w_item": 542, "w_cbf": 251, "w_als": 76}, {"w_user": 1, "w_item": 698, "w_cbf": 58, "w_als": 314}, {"w_user": 128, "w_item": 657, "w_cbf": 248, "w_als": 493}, {"w_user": 158, "w_item": 681, "w_cbf": 59, "w_als": 608}, {"w_user": 411, "w_item": 915, "w_cbf": 247, "w_als": 333}, {"w_user": 862, "w_item": 32, "w_cbf": 166, "w_als": 221}, {"w_user": 154, "w_item": 826, "w_cbf": 17, "w_als": 978}, {"w_user": 792, "w_item": 304, "w_cbf": 34, "w_als": 873}, {"w_user": 797, "w_item": 130, "w_cbf": 22, "w_als": 851}, {"w_user": 275, "w_item": 738, "w_cbf": 92, "w_als": 332}, {"w_user": 988, "w_item": 657, "w_cbf": 60, "w_als": 754}, {"w_user": 695, "w_item": 848, "w_cbf": 291, "w_als": 602}, {"w_user": 982, "w_item": 764, "w_cbf": 108, "w_als": 710}, {"w_user": 589, "w_item": 870, "w_cbf": 152, "w_als": 862}, {"w_user": 353, "w_item": 84, "w_cbf": 202, "w_als": 302}, {"w_user": 403, "w_item": 531, "w_cbf": 153, "w_als": 352}, {"w_user": 844, "w_item": 943, "w_cbf": 141, "w_als": 662}, {"w_user": 70, "w_item": 773, "w_cbf": 188, "w_als": 880}, {"w_user": 195, "w_item": 752, "w_cbf": 137, "w_als": 605}, {"w_user": 448, "w_item": 907, "w_cbf": 194, "w_als": 622}, {"w_user": 0, "w_item": 0, "w_cbf": 0, "w_als": 133}, {"w_user": 0, "w_item": 0, "w_cbf": 0, "w_als": 913}, {"w_user": 0, "w_item": 0, "w_cbf": 0, "w_als": 1000}, {"w_user": 0, "w_item": 0, "w_cbf": 0, "w_als": 492}, {"w_user": 0, "w_item": 0, "w_cbf": 300, "w_als": 1000}, {"w_user": 0, "w_item": 0, "w_cbf": 0, "w_als": 617}, {"w_user": 0, "w_item": 0, "w_cbf": 0, "w_als": 780}, {"w_user": 0, "w_item": 0, "w_cbf": 0, "w_als": 198}, {"w_user": 0, "w_item": 0, "w_cbf": 0, "w_als": 416}, {"w_user": 0, "w_item": 0, "w_cbf": 0, "w_als": 255}, {"w_user": 0, "w_item": 0, "w_cbf": 0, "w_als": 315}, {"w_user": 0, "w_item": 0, "w_cbf": 0, "w_als": 702}, {"w_user": 0, "w_item": 0, "w_cbf": 0, "w_als": 547}, {"w_user": 1000, "w_item": 0, "w_cbf": 0, "w_als": 706}, {"w_user": 0, "w_item": 0, "w_cbf": 0, "w_als": 869}, {"w_user": 1000, "w_item": 0, "w_cbf": 300, "w_als": 1000}, {"w_user": 0, "w_item": 0, "w_cbf": 0, "w_als": 955}, {"w_user": 1000, "w_item": 0, "w_cbf": 0, "w_als": 793}, {"w_user": 1000, "w_item": 0, "w_cbf": 0, "w_als": 1000}, {"w_user": 0, "w_item": 0, "w_cbf": 0, "w_als": 164}, {"w_user": 0, "w_item": 0, "w_cbf": 0, "w_als": 822}, {"w_user": 1000, "w_item": 1000, "w_cbf": 300, "w_als": 1000}, {"w_user": 0, "w_item": 0, "w_cbf": 0, "w_als": 375}, {"w_user": 1000, "w_item": 0, "w_cbf": 0, "w_als": 625}, {"w_user": 0, "w_item": 0, "w_cbf": 0, "w_als": 656}, {"w_user": 0, "w_item": 1000, "w_cbf": 0, "w_als": 931}, {"w_user": 0, "w_item": 0, "w_cbf": 86, "w_als": 1000}, {"w_user": 0, "w_item": 0, "w_cbf": 0, "w_als": 457}, {"w_user": 1000, "w_item": 0, "w_cbf": 0, "w_als": 942}, {"w_user": 0, "w_item": 1000, "w_cbf": 0, "w_als": 1000}, {"w_user": 0, "w_item": 0, "w_cbf": 0, "w_als": 742}, {"w_user": 0, "w_item": 0, "w_cbf": 0, "w_als": 583}, {"w_user": 1000, "w_item": 0, "w_cbf": 0, "w_als": 836}, {"w_user": 0, "w_item": 0, "w_cbf": 0, "w_als": 520}, {"w_user": 1000, "w_item": 0, "w_cbf": 0, "w_als": 413}, {"w_user": 0, "w_item": 0, "w_cbf": 58, "w_als": 689}, {"w_user": 0, "w_item": 0, "w_cbf": 55, "w_als": 889}, {"w_user": 0, "w_item": 0, "w_cbf": 0, "w_als": 286}, {"w_user": 1000, "w_item": 0, "w_cbf": 201, "w_als": 1000}, {"w_user": 1000, "w_item": 0, "w_cbf": 0, "w_als": 753}, {"w_user": 0, "w_item": 1000, "w_cbf": 300, "w_als": 1000}, {"w_user": 1000, "w_item": 0, "w_cbf": 0, "w_als": 880}, {"w_user": 0, "w_item": 0, "w_cbf": 0, "w_als": 109}, {"w_user": 1000, "w_item": 0, "w_cbf": 105, "w_als": 969}, {"w_user": 0, "w_item": 1000, "w_cbf": 0, "w_als": 699}, {"w_user": 0, "w_item": 1000, "w_cbf": 0, "w_als": 881}, {"w_user": 0, "w_item": 0, "w_cbf": 0, "w_als": 343}, {"w_user": 1000, "w_item": 0, "w_cbf": 300, "w_als": 933}, {"w_user": 1, "w_item": 99, "w_cbf": 118, "w_als": 976}, {"w_user": 1000, "w_item": 0, "w_cbf": 0, "w_als": 329}, {"w_user": 3, "w_item": 15, "w_cbf": 287, "w_als": 815}, {"w_user": 95, "w_item": 39, "w_cbf": 1, "w_als": 935}, {"w_user": 1000, "w_item": 0, "w_cbf": 0, "w_als": 671}, {"w_user": 16, "w_item": 8, "w_cbf": 93, "w_als": 809}, {"w_user": 0, "w_item": 0, "w_cbf": 0, "w_als": 979}, {"w_user": 0, "w_item": 0, "w_cbf": 0, "w_als": 435}, {"w_user": 0, "w_item": 0, "w_cbf": 49, "w_als": 460}, {"w_user": 0, "w_item": 1000, "w_cbf": 162, "w_als": 1000}, {"w_user": 22, "w_item": 604, "w_cbf": 3, "w_als": 475}, {"w_user": 0, "w_item": 0, "w_cbf": 34, "w_als": 175}, {"w_user": 0, "w_item": 0, "w_cbf": 73, "w_als": 723}, {"w_user": 0, "w_item": 0, "w_cbf": 0, "w_als": 847}, {"w_user": 981, "w_item": 23, "w_cbf": 291, "w_als": 792}, {"w_user": 0, "w_item": 0, "w_cbf": 0, "w_als": 800}, {"w_user": 2, "w_item": 140, "w_cbf": 209, "w_als": 1000}, {"w_user": 0, "w_item": 0, "w_cbf": 0, "w_als": 636}, {"w_user": 954, "w_item": 968, "w_cbf": 0, "w_als": 956}, {"w_user": 0, "w_item": 0, "w_cbf": 0, "w_als": 892}, {"w_user": 0, "w_item": 0, "w_cbf": 0, "w_als": 762}, {"w_user": 1000, "w_item": 0, "w_cbf": 0, "w_als": 969}, {"w_user": 840, "w_item": 1, "w_cbf": 97, "w_als": 884}, {"w_user": 0, "w_item": 1000, "w_cbf": 0, "w_als": 619}, {"w_user": 1000, "w_item": 0, "w_cbf": 0, "w_als": 481}, {"w_user": 0, "w_item": 0, "w_cbf": 0, "w_als": 565}, {"w_user": 935, "w_item": 5, "w_cbf": 116, "w_als": 656}, {"w_user": 11, "w_item": 24, "w_cbf": 84, "w_als": 612}, {"w_user": 405, "w_item": 0, "w_cbf": 0, "w_als": 1000}, {"w_user": 0, "w_item": 0, "w_cbf": 0, "w_als": 393}, {"w_user": 9, "w_item": 6, "w_cbf": 55, "w_als": 335}, {"w_user": 68, "w_item": 4, "w_cbf": 3, "w_als": 228}, {"w_user": 0, "w_item": 0, "w_cbf": 300, "w_als": 925}, {"w_user": 0, "w_item": 0, "w_cbf": 59, "w_als": 546}, {"w_user": 6, "w_item": 973, "w_cbf": 293, "w_als": 964}, {"w_user": 1000, "w_item": 1000, "w_cbf": 0, "w_als": 857}, {"w_user": 0, "w_item": 0, "w_cbf": 55, "w_als": 929}, {"w_user": 988, "w_item": 993, "w_cbf": 166, "w_als": 995}, {"w_user": 985, "w_item": 26, "w_cbf": 119, "w_als": 520}, {"w_user": 970, "w_item": 16, "w_cbf": 168, "w_als": 934}, {"w_user": 0, "w_item": 0, "w_cbf": 0, "w_als": 679}, {"w_user": 1000, "w_item": 0, "w_cbf": 0, "w_als": 588}, {"w_user": 100, "w_item": 898, "w_cbf": 0, "w_als": 425}, {"w_user": 0, "w_item": 0, "w_cbf": 0, "w_als": 722}, {"w_user": 1000, "w_item": 0, "w_cbf": 63, "w_als": 1000}, {"w_user": 0, "w_item": 1000, "w_cbf": 0, "w_als": 844}, {"w_user": 0, "w_item": 0, "w_cbf": 0, "w_als": 360}, {"w_user": 1000, "w_item": 0, "w_cbf": 0, "w_als": 919}, {"w_user": 0, "w_item": 290, "w_cbf": 0, "w_als": 1000}, {"w_user": 0, "w_item": 0, "w_cbf": 0, "w_als": 142}, {"w_user": 0, "w_item": 0, "w_cbf": 48, "w_als": 766}, {"w_user": 1000, "w_item": 0, "w_cbf": 300, "w_als": 864}, {"w_user": 0, "w_item": 0, "w_cbf": 0, "w_als": 599}, {"w_user": 1000, "w_item": 1000, "w_cbf": 0, "w_als": 722}, {"w_user": 0, "w_item": 0, "w_cbf": 0, "w_als": 503}, {"w_user": 476, "w_item": 0, "w_cbf": 0, "w_als": 775}, {"w_user": 0, "w_item": 370, "w_cbf": 0, "w_als": 958}, {"w_user": 450, "w_item": 0, "w_cbf": 0, "w_als": 864}, {"w_user": 0, "w_item": 0, "w_cbf": 0, "w_als": 426}, {"w_user": 5, "w_item": 33, "w_cbf": 297, "w_als": 613}, {"w_user": 428, "w_item": 0, "w_cbf": 0, "w_als": 898}, {"w_user": 0, "w_item": 1000, "w_cbf": 0, "w_als": 796}, {"w_user": 1000, "w_item": 0, "w_cbf": 70, "w_als": 807}, {"w_user": 0, "w_item": 0, "w_cbf": 0, "w_als": 237}, {"w_user": 0, "w_item": 0, "w_cbf": 0, "w_als": 983}, {"w_user": 396, "w_item": 0, "w_cbf": 0, "w_als": 697}, {"w_user": 983, "w_item": 2, "w_cbf": 184, "w_als": 813}, {"w_user": 0, "w_item": 0, "w_cbf": 0, "w_als": 661}, {"w_user": 511, "w_item": 0, "w_cbf": 0, "w_als": 726}, {"w_user": 0, "w_item": 0, "w_cbf": 0, "w_als": 832}, {"w_user": 0, "w_item": 0, "w_cbf": 0, "w_als": 531}, {"w_user": 0, "w_item": 0, "w_cbf": 93, "w_als": 668}, {"w_user": 0, "w_item": 0, "w_cbf": 39, "w_als": 1000}, {"w_user": 0, "w_item": 0, "w_cbf": 0, "w_als": 474}, {"w_user": 449, "w_item": 0, "w_cbf": 0, "w_als": 952}, {"w_user": 0, "w_item": 0, "w_cbf": 0, "w_als": 213}, {"w_user": 5, "w_item": 2, "w_cbf": 67, "w_als": 377}, {"w_user": 0, "w_item": 0, "w_cbf": 0, "w_als": 925}, {"w_user": 0, "w_item": 0, "w_cbf": 0, "w_als": 269}, {"w_user": 1000, "w_item": 0, "w_cbf": 76, "w_als": 696}, {"w_user": 0, "w_item": 0, "w_cbf": 53, "w_als": 503}, {"w_user": 963, "w_item": 724, "w_cbf": 4, "w_als": 792}, {"w_user": 0, "w_item": 0, "w_cbf": 0, "w_als": 795}, {"w_user": 0, "w_item": 0, "w_cbf": 49, "w_als": 862}, {"w_user": 1000, "w_item": 1000, "w_cbf": 0, "w_als": 1000}, {"w_user": 28, "w_item": 3, "w_cbf": 67, "w_als": 440}, {"w_user": 0, "w_item": 357, "w_cbf": 0, "w_als": 905}, {"w_user": 325, "w_item": 0, "w_cbf": 0, "w_als": 632}, {"w_user": 52, "w_item": 7, "w_cbf": 163, "w_als": 827}, {"w_user": 0, "w_item": 1000, "w_cbf": 0, "w_als": 967}, {"w_user": 35, "w_item": 880, "w_cbf": 3, "w_als": 731}, {"w_user": 503, "w_item": 0, "w_cbf": 0, "w_als": 814}, {"w_user": 507, "w_item": 0, "w_cbf": 0, "w_als": 1000}, {"w_user": 0, "w_item": 0, "w_cbf": 0, "w_als": 398}, {"w_user": 1000, "w_item": 0, "w_cbf": 0, "w_als": 539}, {"w_user": 945, "w_item": 14, "w_cbf": 171, "w_als": 964}, {"w_user": 0, "w_item": 0, "w_cbf": 0, "w_als": 746}, {"w_user": 39, "w_item": 2, "w_cbf": 177, "w_als": 976}, {"w_user": 10, "w_item": 1, "w_cbf": 98, "w_als": 774}, {"w_user": 24, "w_item": 10, "w_cbf": 38, "w_als": 261}, {"w_user": 15, "w_item": 40, "w_cbf": 199, "w_als": 930}, {"w_user": 0, "w_item": 0, "w_cbf": 0, "w_als": 119}, {"w_user": 392, "w_item": 0, "w_cbf": 0, "w_als": 883}, {"w_user": 467, "w_item": 0, "w_cbf": 0, "w_als": 927}, {"w_user": 0, "w_item": 0, "w_cbf": 0, "w_als": 300}, {"w_user": 4, "w_item": 2, "w_cbf": 58, "w_als": 640}, {"w_user": 985, "w_item": 20, "w_cbf": 61, "w_als": 931}, {"w_user": 10, "w_item": 50, "w_cbf": 53, "w_als": 964}, {"w_user": 0, "w_item": 0, "w_cbf": 0, "w_als": 707}, {"w_user": 0, "w_item": 0, "w_cbf": 0, "w_als": 450}, {"w_user": 867, "w_item": 0, "w_cbf": 80, "w_als": 623}, {"w_user": 2, "w_item": 998, "w_cbf": 85, "w_als": 833}, {"w_user": 17, "w_item": 23, "w_cbf": 137, "w_als": 576}, {"w_user": 0, "w_item": 0, "w_cbf": 0, "w_als": 331}, {"w_user": 0, "w_item": 0, "w_cbf": 0, "w_als": 1000}, {"w_user": 0, "w_item": 0, "w_cbf": 0, "w_als": 607}, {"w_user": 29, "w_item": 73, "w_cbf": 71, "w_als": 910}, {"w_user": 1, "w_item": 5, "w_cbf": 295, "w_als": 668}, {"w_user": 0, "w_item": 0, "w_cbf": 0, "w_als": 569}, {"w_user": 971, "w_item": 2, "w_cbf": 49, "w_als": 829}, {"w_user": 0, "w_item": 0, "w_cbf": 0, "w_als": 876}, {"w_user": 462, "w_item": 0, "w_cbf": 0, "w_als": 971}, {"w_user": 477, "w_item": 0, "w_cbf": 0, "w_als": 850}, {"w_user": 398, "w_item": 0, "w_cbf": 0, "w_als": 649}, {"w_user": 993, "w_item": 136, "w_cbf": 299, "w_als": 719}, {"w_user": 345, "w_item": 0, "w_cbf": 0, "w_als": 686}, {"w_user": 0, "w_item": 612, "w_cbf": 1, "w_als": 506}, {"w_user": 451, "w_item": 0, "w_cbf": 0, "w_als": 770}, {"w_user": 35, "w_item": 4, "w_cbf": 149, "w_als": 878}, {"w_user": 0, "w_item": 0, "w_cbf": 0, "w_als": 636}, {"w_user": 82, "w_item": 6, "w_cbf": 58, "w_als": 304}, {"w_user": 386, "w_item": 0, "w_cbf": 0, "w_als": 609}, {"w_user": 0, "w_item": 0, "w_cbf": 0, "w_als": 947}, {"w_user": 425, "w_item": 0, "w_cbf": 0, "w_als": 905}, {"w_user": 337, "w_item": 104, "w_cbf": 298, "w_als": 974}, {"w_user": 954, "w_item": 961, "w_cbf": 300, "w_als": 958}, {"w_user": 489, "w_item": 0, "w_cbf": 0, "w_als": 985}, {"w_user": 0, "w_item": 0, "w_cbf": 0, "w_als": 521}, {"w_user": 112, "w_item": 963, "w_cbf": 298, "w_als": 785}, {"w_user": 0, "w_item": 0, "w_cbf": 0, "w_als": 680}, {"w_user": 503, "w_item": 0, "w_cbf": 0, "w_als": 957}, {"w_user": 815, "w_item": 6, "w_cbf": 74, "w_als": 489}, {"w_user": 0, "w_item": 0, "w_cbf": 0, "w_als": 283}, {"w_user": 456, "w_item": 0, "w_cbf": 0, "w_als": 802}, {"w_user": 464, "w_item": 0, "w_cbf": 0, "w_als": 725}, {"w_user": 0, "w_item": 0, "w_cbf": 0, "w_als": 357}, {"w_user": 0, "w_item": 0, "w_cbf": 0, "w_als": 483}, {"w_user": 20, "w_item": 7, "w_cbf": 41, "w_als": 141}, {"w_user": 0, "w_item": 0, "w_cbf": 0, "w_als": 412}, {"w_user": 30, "w_item": 951, "w_cbf": 83, "w_als": 1000}, {"w_user": 405, "w_item": 0, "w_cbf": 0, "w_als": 831}, {"w_user": 0, "w_item": 0, "w_cbf": 0, "w_als": 901}, {"w_user": 0, "w_item": 0, "w_cbf": 0, "w_als": 588}, {"w_user": 0, "w_item": 0, "w_cbf": 0, "w_als": 312}, {"w_user": 0, "w_item": 0, "w_cbf": 0, "w_als": 852}, {"w_user": 397, "w_item": 0, "w_cbf": 0, "w_als": 754}, {"w_user": 938, "w_item": 1, "w_cbf": 147, "w_als": 773}, {"w_user": 1000, "w_item": 0, "w_cbf": 0, "w_als": 1000}, {"w_user": 0, "w_item": 0, "w_cbf": 0, "w_als": 779}, {"w_user": 39, "w_item": 471, "w_cbf": 2, "w_als": 923}, {"w_user": 405, "w_item": 0, "w_cbf": 0, "w_als": 706}, {"w_user": 1000, "w_item": 0, "w_cbf": 0, "w_als": 862}, {"w_user": 990, "w_item": 71, "w_cbf": 2, "w_als": 721}, {"w_user": 478, "w_item": 0, "w_cbf": 0, "w_als": 934}, {"w_user": 0, "w_item": 0, "w_cbf": 0, "w_als": 623}, {"w_user": 0, "w_item": 0, "w_cbf": 0, "w_als": 184}, {"w_user": 0, "w_item": 0, "w_cbf": 33, "w_als": 824}, {"w_user": 0, "w_item": 0, "w_cbf": 0, "w_als": 728}, {"w_user": 21, "w_item": 957, "w_cbf": 2, "w_als": 898}, {"w_user": 0, "w_item": 0, "w_cbf": 0, "w_als": 812}, {"w_user": 449, "w_item": 1, "w_cbf": 3, "w_als": 509}, {"w_user": 248, "w_item": 0, "w_cbf": 0, "w_als": 550}, {"w_user": 403, "w_item": 0, "w_cbf": 0, "w_als": 656}, {"w_user": 0, "w_item": 0, "w_cbf": 0, "w_als": 971}, {"w_user": 420, "w_item": 0, "w_cbf": 0, "w_als": 787}, {"w_user": 385, "w_item": 0, "w_cbf": 0, "w_als": 605}, {"w_user": 0, "w_item": 0, "w_cbf": 0, "w_als": 1000}, {"w_user": 0, "w_item": 0, "w_cbf": 0, "w_als": 541}, {"w_user": 0, "w_item": 959, "w_cbf": 80, "w_als": 717}, {"w_user": 0, "w_item": 0, "w_cbf": 0, "w_als": 221}, {"w_user": 0, "w_item": 0, "w_cbf": 0, "w_als": 381}, {"w_user": 977, "w_item": 4, "w_cbf": 137, "w_als": 904}, {"w_user": 478, "w_item": 0, "w_cbf": 0, "w_als": 888}, {"w_user": 26, "w_item": 32, "w_cbf": 101, "w_als": 711}, {"w_user": 438, "w_item": 0, "w_cbf": 0, "w_als": 690}, {"w_user": 37, "w_item": 1, "w_cbf": 298, "w_als": 776}, {"w_user": 591, "w_item": 0, "w_cbf": 0, "w_als": 821}, {"w_user": 970, "w_item": 30, "w_cbf": 25, "w_als": 385}, {"w_user": 27, "w_item": 33, "w_cbf": 74, "w_als": 954}, {"w_user": 324, "w_item": 0, "w_cbf": 0, "w_als": 572}, {"w_user": 0, "w_item": 290, "w_cbf": 0, "w_als": 867}, {"w_user": 1000, "w_item": 0, "w_cbf": 0, "w_als": 960}, {"w_user": 366, "w_item": 0, "w_cbf": 41, "w_als": 986}, {"w_user": 10, "w_item": 4, "w_cbf": 103, "w_als": 748}, {"w_user": 8, "w_item": 1, "w_cbf": 81, "w_als": 482}, {"w_user": 659, "w_item": 2, "w_cbf": 1, "w_als": 446}, {"w_user": 5, "w_item": 5, "w_cbf": 77, "w_als": 423}, {"w_user": 37, "w_item": 4, "w_cbf": 108, "w_als": 634}, {"w_user": 0, "w_item": 324, "w_cbf": 0, "w_als": 986}, {"w_user": 392, "w_item": 0, "w_cbf": 0, "w_als": 628}, {"w_user": 449, "w_item": 0, "w_cbf": 0, "w_als": 914}, {"w_user": 0, "w_item": 0, "w_cbf": 0, "w_als": 665}, {"w_user": 448, "w_item": 0, "w_cbf": 0, "w_als": 942}, {"w_user": 18, "w_item": 861, "w_cbf": 0, "w_als": 462}, {"w_user": 40, "w_item": 884, "w_cbf": 299, "w_als": 694}, {"w_user": 427, "w_item": 0, "w_cbf": 0, "w_als": 855}, {"w_user": 0, "w_item": 0, "w_cbf": 0, "w_als": 701}, {"w_user": 10, "w_item": 14, "w_cbf": 291, "w_als": 860}, {"w_user": 0, "w_item": 0, "w_cbf": 0, "w_als": 939}, {"w_user": 0, "w_item": 0, "w_cbf": 0, "w_als": 760}, {"w_user": 470, "w_item": 0, "w_cbf": 0, "w_als": 985}, {"w_user": 0, "w_item": 0, "w_cbf": 0, "w_als": 440}, {"w_user": 599, "w_item": 0, "w_cbf": 0, "w_als": 772}, {"w_user": 319, "w_item": 0, "w_cbf": 0, "w_als": 591}, {"w_user": 434, "w_item": 0, "w_cbf": 0, "w_als": 879}, {"w_user": 418, "w_item": 0, "w_cbf": 0, "w_als": 676}, {"w_user": 468, "w_item": 0, "w_cbf": 0, "w_als": 1000}, {"w_user": 4, "w_item": 32, "w_cbf": 172, "w_als": 804}, {"w_user": 278, "w_item": 0, "w_cbf": 0, "w_als": 558}, {"w_user": 0, "w_item": 0, "w_cbf": 0, "w_als": 466}, {"w_user": 959, "w_item": 995, "w_cbf": 1, "w_als": 887}, {"w_user": 0, "w_item": 0, "w_cbf": 0, "w_als": 886}, {"w_user": 3, "w_item": 996, "w_cbf": 1, "w_als": 683}, {"w_user": 397, "w_item": 0, "w_cbf": 0, "w_als": 839}, {"w_user": 1000, "w_item": 17, "w_cbf": 48, "w_als": 851}, {"w_user": 401, "w_item": 0, "w_cbf": 0, "w_als": 645}, {"w_user": 994, "w_item": 38, "w_cbf": 59, "w_als": 893}, {"w_user": 66, "w_item": 0, "w_cbf": 0, "w_als": 498}, {"w_user": 409, "w_item": 0, "w_cbf": 0, "w_als": 964}, {"w_user": 405, "w_item": 0, "w_cbf": 0, "w_als": 798}, {"w_user": 0, "w_item": 0, "w_cbf": 0, "w_als": 566}, {"w_user": 83, "w_item": 11, "w_cbf": 91, "w_als": 872}, {"w_user": 64, "w_item": 945, "w_cbf": 79, "w_als": 978}, {"w_user": 0, "w_item": 0, "w_cbf": 0, "w_als": 839}, {"w_user": 0, "w_item": 365, "w_cbf": 0, "w_als": 1000}, {"w_user": 883, "w_item": 4, "w_cbf": 3, "w_als": 267}, {"w_user": 438, "w_item": 0, "w_cbf": 0, "w_als": 910}, {"w_user": 320, "w_item": 0, "w_cbf": 33, "w_als": 913}, {"w_user": 468, "w_item": 0, "w_cbf": 0, "w_als": 986}, {"w_user": 352, "w_item": 0, "w_cbf": 0, "w_als": 714}, {"w_user": 160, "w_item": 0, "w_cbf": 0, "w_als": 531}, {"w_user": 0, "w_item": 0, "w_cbf": 29, "w_als": 595}, {"w_user": 422, "w_item": 0, "w_cbf": 0, "w_als": 691}, {"w_user": 419, "w_item": 0, "w_cbf": 0, "w_als": 742}, {"w_user": 374, "w_item": 0, "w_cbf": 0, "w_als": 615}, {"w_user": 27, "w_item": 624, "w_cbf": 4, "w_als": 821}, {"w_user": 0, "w_item": 0, "w_cbf": 0, "w_als": 789}, {"w_user": 0, "w_item": 0, "w_cbf": 0, "w_als": 915}, {"w_user": 0, "w_item": 0, "w_cbf": 0, "w_als": 338}, {"w_user": 874, "w_item": 0, "w_cbf": 101, "w_als": 982}, {"w_user": 0, "w_item": 0, "w_cbf": 0, "w_als": 1000}, {"w_user": 987, "w_item": 2, "w_cbf": 42, "w_als": 788}, {"w_user": 0, "w_item": 0, "w_cbf": 0, "w_als": 646}, {"w_user": 423, "w_item": 0, "w_cbf": 0, "w_als": 868}, {"w_user": 378, "w_item": 0, "w_cbf": 0, "w_als": 814}, {"w_user": 0, "w_item": 0, "w_cbf": 0, "w_als": 967}, {"w_user": 358, "w_item": 0, "w_cbf": 0, "w_als": 740}, {"w_user": 52, "w_item": 985, "w_cbf": 1, "w_als": 529}, {"w_user": 0, "w_item": 0, "w_cbf": 0, "w_als": 724}, {"w_user": 0, "w_item": 0, "w_cbf": 0, "w_als": 512}, {"w_user": 327, "w_item": 0, "w_cbf": 0, "w_als": 583}, {"w_user": 994, "w_item": 19, "w_cbf": 139, "w_als": 999}, {"w_user": 55, "w_item": 28, "w_cbf": 114, "w_als": 697}, {"w_user": 520, "w_item": 0, "w_cbf": 0, "w_als": 933}, {"w_user": 348, "w_item": 0, "w_cbf": 0, "w_als": 761}, {"w_user": 513, "w_item": 0, "w_cbf": 0, "w_als": 894}, {"w_user": 929, "w_item": 1, "w_cbf": 153, "w_als": 629}, {"w_user": 368, "w_item": 0, "w_cbf": 0, "w_als": 833}, {"w_user": 494, "w_item": 0, "w_cbf": 0, "w_als": 1000}, {"w_user": 0, "w_item": 0, "w_cbf": 0, "w_als": 414}, {"w_user": 388, "w_item": 0, "w_cbf": 37, "w_als": 1000}, {"w_user": 379, "w_item": 0, "w_cbf": 34, "w_als": 944}, {"w_user": 758, "w_item": 9, "w_cbf": 219, "w_als": 845}, {"w_user": 0, "w_item": 0, "w_cbf": 0, "w_als": 860}, {"w_user": 391, "w_item": 0, "w_cbf": 0, "w_als": 664}, {"w_user": 0, "w_item": 0, "w_cbf": 0, "w_als": 362}, {"w_user": 453, "w_item": 0, "w_cbf": 0, "w_als": 961}, {"w_user": 389, "w_item": 0, "w_cbf": 0, "w_als": 708}, {"w_user": 0, "w_item": 0, "w_cbf": 0, "w_als": 688}, {"w_user": 296, "w_item": 0, "w_cbf": 29, "w_als": 704}, {"w_user": 484, "w_item": 0, "w_cbf": 0, "w_als": 892}, {"w_user": 37, "w_item": 6, "w_cbf": 67, "w_als": 793}, {"w_user": 396, "w_item": 0, "w_cbf": 0, "w_als": 985}, {"w_user": 0, "w_item": 0, "w_cbf": 0, "w_als": 812}, {"w_user": 0, "w_item": 0, "w_cbf": 0, "w_als": 160}, {"w_user": 6, "w_item": 44, "w_cbf": 61, "w_als": 529}, {"w_user": 390, "w_item": 0, "w_cbf": 0, "w_als": 636}, {"w_user": 919, "w_item": 5, "w_cbf": 0, "w_als": 596}, {"w_user": 0, "w_item": 0, "w_cbf": 0, "w_als": 247}, {"w_user": 953, "w_item": 7, "w_cbf": 8, "w_als": 651}, {"w_user": 498, "w_item": 0, "w_cbf": 0, "w_als": 741}, {"w_user": 0, "w_item": 0, "w_cbf": 0, "w_als": 438}, {"w_user": 989, "w_item": 46, "w_cbf": 0, "w_als": 685}, {"w_user": 0, "w_item": 0, "w_cbf": 0, "w_als": 552}, {"w_user": 0, "w_item": 0, "w_cbf": 0, "w_als": 616}, {"w_user": 0, "w_item": 335, "w_cbf": 0, "w_als": 948}, {"w_user": 0, "w_item": 0, "w_cbf": 0, "w_als": 766}, {"w_user": 523, "w_item": 0, "w_cbf": 0, "w_als": 922}, {"w_user": 498, "w_item": 0, "w_cbf": 0, "w_als": 869}, {"w_user": 484, "w_item": 0, "w_cbf": 0, "w_als": 806}, {"w_user": 460, "w_item": 0, "w_cbf": 0, "w_als": 950}, {"w_user": 68, "w_item": 984, "w_cbf": 60, "w_als": 770}, {"w_user": 0, "w_item": 0, "w_cbf": 0, "w_als": 388}, {"w_user": 249, "w_item": 0, "w_cbf": 0, "w_als": 578}, {"w_user": 1, "w_item": 262, "w_cbf": 75, "w_als": 1000}, {"w_user": 0, "w_item": 306, "w_cbf": 0, "w_als": 856}, {"w_user": 15, "w_item": 991, "w_cbf": 213, "w_als": 921}, {"w_user": 34, "w_item": 40, "w_cbf": 133, "w_als": 999}, {"w_user": 331, "w_item": 0, "w_cbf": 0, "w_als": 783}, {"w_user": 311, "w_item": 0, "w_cbf": 0, "w_als": 533}, {"w_user": 281, "w_item": 0, "w_cbf": 0, "w_als": 603}, {"w_user": 0, "w_item": 305, "w_cbf": 0, "w_als": 983}, {"w_user": 189, "w_item": 0, "w_cbf": 0, "w_als": 486}, {"w_user": 0, "w_item": 271, "w_cbf": 0, "w_als": 884}, {"w_user": 341, "w_item": 0, "w_cbf": 0, "w_als": 845}, {"w_user": 356, "w_item": 0, "w_cbf": 0, "w_als": 622}, {"w_user": 460, "w_item": 0, "w_cbf": 0, "w_als": 762}, {"w_user": 475, "w_item": 0, "w_cbf": 0, "w_als": 827}, {"w_user": 0, "w_item": 0, "w_cbf": 0, "w_als": 897}, {"w_user": 0, "w_item": 0, "w_cbf": 0, "w_als": 1000}, {"w_user": 0, "w_item": 0, "w_cbf": 0, "w_als": 649}, {"w_user": 450, "w_item": 0, "w_cbf": 0, "w_als": 968}, {"w_user": 329, "w_item": 0, "w_cbf": 0, "w_als": 552}, {"w_user": 0, "w_item": 0, "w_cbf": 0, "w_als": 828}, {"w_user": 0, "w_item": 0, "w_cbf": 0, "w_als": 271}, {"w_user": 1000, "w_item": 0, "w_cbf": 0, "w_als": 818}, {"w_user": 482, "w_item": 0, "w_cbf": 0, "w_als": 941}, {"w_user": 921, "w_item": 1, "w_cbf": 115, "w_als": 727}, {"w_user": 1000, "w_item": 0, "w_cbf": 0, "w_als": 1000}, {"w_user": 330, "w_item": 0, "w_cbf": 0, "w_als": 671}, {"w_user": 470, "w_item": 0, "w_cbf": 0, "w_als": 985}, {"w_user": 26, "w_item": 27, "w_cbf": 209, "w_als": 910}, {"w_user": 408, "w_item": 0, "w_cbf": 0, "w_als": 893}, {"w_user": 6, "w_item": 21, "w_cbf": 88, "w_als": 829}, {"w_user": 393, "w_item": 0, "w_cbf": 0, "w_als": 871}, {"w_user": 0, "w_item": 0, "w_cbf": 0, "w_als": 195}, {"w_user": 956, "w_item": 9, "w_cbf": 39, "w_als": 967}, {"w_user": 356, "w_item": 0, "w_cbf": 0, "w_als": 722}, {"w_user": 8, "w_item": 25, "w_cbf": 80, "w_als": 558}, {"w_user": 0, "w_item": 0, "w_cbf": 0, "w_als": 960}, {"w_user": 0, "w_item": 0, "w_cbf": 0, "w_als": 294}, {"w_user": 0, "w_item": 0, "w_cbf": 0, "w_als": 745}, {"w_user": 0, "w_item": 499, "w_cbf": 58, "w_als": 856}, {"w_user": 0, "w_item": 0, "w_cbf": 0, "w_als": 590}, {"w_user": 514, "w_item": 0, "w_cbf": 0, "w_als": 907}, {"w_user": 299, "w_item": 0, "w_cbf": 0, "w_als": 520}, {"w_user": 331, "w_item": 0, "w_cbf": 0, "w_als": 674}, {"w_user": 402, "w_item": 0, "w_cbf": 0, "w_als": 788}, {"w_user": 0, "w_item": 0, "w_cbf": 0, "w_als": 426}, {"w_user": 405, "w_item": 0, "w_cbf": 0, "w_als": 733}, {"w_user": 419, "w_item": 0, "w_cbf": 0, "w_als": 854}, {"w_user": 0, "w_item": 374, "w_cbf": 0, "w_als": 1000}, {"w_user": 399, "w_item": 0, "w_cbf": 0, "w_als": 878}, {"w_user": 989, "w_item": 2, "w_cbf": 171, "w_als": 563}, {"w_user": 1000, "w_item": 0, "w_cbf": 0, "w_als": 897}, {"w_user": 0, "w_item": 0, "w_cbf": 0, "w_als": 462}, {"w_user": 453, "w_item": 0, "w_cbf": 0, "w_als": 1000}, {"w_user": 0, "w_item": 0, "w_cbf": 38, "w_als": 983}, {"w_user": 996, "w_item": 23, "w_cbf": 283, "w_als": 897}, {"w_user": 307, "w_item": 0, "w_cbf": 35, "w_als": 899}, {"w_user": 0, "w_item": 0, "w_cbf": 0, "w_als": 449}, {"w_user": 297, "w_item": 0, "w_cbf": 0, "w_als": 925}, {"w_user": 202, "w_item": 0, "w_cbf": 26, "w_als": 621}, {"w_user": 452, "w_item": 0, "w_cbf": 0, "w_als": 770}, {"w_user": 339, "w_item": 0, "w_cbf": 0, "w_als": 567}, {"w_user": 0, "w_item": 0, "w_cbf": 0, "w_als": 935}, {"w_user": 399, "w_item": 0, "w_cbf": 0, "w_als": 871}, {"w_user": 0, "w_item": 0, "w_cbf": 0, "w_als": 690}, {"w_user": 163, "w_item": 0, "w_cbf": 0, "w_als": 538}, {"w_user": 256, "w_item": 0, "w_cbf": 0, "w_als": 499}, {"w_user": 300, "w_item": 0, "w_cbf": 0, "w_als": 633}, {"w_user": 407, "w_item": 0, "w_cbf": 0, "w_als": 962}, {"w_user": 0, "w_item": 287, "w_cbf": 0, "w_als": 796}, {"w_user": 0, "w_item": 0, "w_cbf": 0, "w_als": 398}, {"w_user": 5, "w_item": 5, "w_cbf": 297, "w_als": 565}, {"w_user": 1000, "w_item": 0, "w_cbf": 0, "w_als": 935}, {"w_user": 65, "w_item": 0, "w_cbf": 0, "w_als": 802}, {"w_user": 440, "w_item": 0, "w_cbf": 0, "w_als": 844}, {"w_user": 432, "w_item": 0, "w_cbf": 0, "w_als": 753}, {"w_user": 0, "w_item": 0, "w_cbf": 0, "w_als": 485}, {"w_user": 450, "w_item": 0, "w_cbf": 0, "w_als": 1000}, {"w_user": 329, "w_item": 0, "w_cbf": 0, "w_als": 605}, {"w_user": 0, "w_item": 0, "w_cbf": 0, "w_als": 775}, {"w_user": 0, "w_item": 0, "w_cbf": 0, "w_als": 874}, {"w_user": 321, "w_item": 0, "w_cbf": 0, "w_als": 658}, null, null, null, null, null, null, null, null, null, null, null, null, null, null, null, null, null, null, null, null, null, null, null, null, null, null, null, null, null, null, null, null, null, null, null, null, null, null, null, null, null, null, null, null, null, null, null, null, null, null, null, null, null, null, null, null, null, null, null, null, null, null, null, null, null, null, null]