[{"w_user": 337, "w_item": 668, "w_cbf": 180, "w_als": 122}, {"w_user": 914, "w_item": 657, "w_cbf": 222, "w_als": 318}, {"w_user": 138, "w_item": 728, "w_cbf": 282, "w_als": 62}, {"w_user": 548, "w_item": 702, "w_cbf": 40, "w_als": 355}, {"w_user": 150, "w_item": 813, "w_cbf": 98, "w_als": 739}, {"w_user": 550, "w_item": 151, "w_cbf": 124, "w_als": 742}, {"w_user": 34, "w_item": 712, "w_cbf": 113, "w_als": 259}, {"w_user": 292, "w_item": 771, "w_cbf": 77, "w_als": 903}, {"w_user": 457, "w_item": 901, "w_cbf": 226, "w_als": 547}, {"w_user": 240, "w_item": 852, "w_cbf": 6, "w_als": 896}, {"w_user": 923, "w_item": 317, "w_cbf": 289, "w_als": 633}, {"w_user": 211, "w_item": 997, "w_cbf": 24, "w_als": 889}, {"w_user": 972, "w_item": 58, "w_cbf": 153, "w_als": 13}, {"w_user": 945, "w_item": 906, "w_cbf": 257, "w_als": 724}, {"w_user": 748, "w_item": 125, "w_cbf": 129, "w_als": 601}, {"w_user": 213, "w_item": 617, "w_cbf": 289, "w_als": 155}, {"w_user": 709, "w_item": 61, "w_cbf": 148, "w_als": 364}, {"w_user": 104, "w_item": 357, "w_cbf": 159, "w_als": 289}, {"w_user": 972, "w_item": 528, "w_cbf": 31, "w_als": 296}, {"w_user": 962, "w_item": 595, "w_cbf": 228, "w_als": 149}, {"w_user": 1000, "w_item": 699, "w_cbf": 213, "w_als": 381}, {"w_user": 933, "w_item": 110, "w_cbf": 244, "w_als": 63}, {"w_user": 899, "w_item": 307, "w_cbf": 68, "w_als": 590}, {"w_user": 300, "w_item": 207, "w_cbf": 221, "w_als": 472}, {"w_user": 830, "w_item": 781, "w_cbf": 117, "w_als": 851}, {"w_user": 582, "w_item": 237, "w_cbf": 165, "w_als": 216}, {"w_user": 998, "w_item": 172, "w_cbf": 297, "w_als": 208}, {"w_user": 743, "w_item": 594, "w_cbf": 95, "w_als": 936}, {"w_user": 716, "w_item": 603, "w_cbf": 295, "w_als": 514}, {"w_user": 810, "w_item": 602, "w_cbf": 212, "w_als": 406}, {"w_user": 490, "w_item": 276, "w_cbf": 284, "w_als": 278}, {"w_user": 250, "w_item": 988, "w_cbf": 134, "w_als": 200}, {"w_user": 150, "w_item": 211, "w_cbf": 96, "w_als": 608}, {"w_user": 121, "w_item": 159, "w_cbf": 152, "w_als": 616}, {"w_user": 539, "w_item": 916, "w_cbf": 116, "w_als": 244}, {"w_user": 808, "w_item": 226, "w_cbf": 159, "w_als": 510}, {"w_user": 256, "w_item": 694, "w_cbf": 134, "w_als": 831}, {"w_user": 15, "w_item": 682, "w_cbf": 4, "w_als": 154}, {"w_user": 49, "w_item": 390, "w_cbf": 231, "w_als": 317}, {"w_user": 862, "w_item": 717, "w_cbf": 1, "w_als": 251}, {"w_user": 234, "w_item": 772, "w_cbf": 223, "w_als": 617}, {"w_user": 462, "w_item": 897, "w_cbf": 29, "w_als": 923}, {"w_user": 650, "w_item": 235, "w_cbf": 95, "w_als": 460}, {"w_user": 604, "w_item": 467, "w_cbf": 272, "w_als": 490}, {"w_user": 150, "w_item": 604, "w_cbf": 205, "w_als": 617}, {"w_user": 142, "w_item": 466, "w_cbf": 145, "w_als": 289}, {"w_user": 217, "w_item": 23, "w_cbf": 143, "w_als": 211}, {"w_user": 253, "w_item": 481, "w_cbf": 193, "w_als": 171}, {"w_user": 991, "w_item": 831, "w_cbf": 194, "w_als": 641}, {"w_user": 859, "w_item": 746, "w_cbf": 255, "w_als": 935}, {"w_user": 99, "w_item": 950, "w_cbf": 64, "w_als": 645}, {"w_user": 417, "w_item": 996, "w_cbf": 189, "w_als": 445}, {"w_user": 964, "w_item": 664, "w_cbf": 83, "w_als": 147}, {"w_user": 967, "w_item": 774, "w_cbf": 137, "w_als": 175}, {"w_user": 608, "w_item": 742, "w_cbf": 277, "w_als": 355}, {"w_user": 706, "w_item": 550, "w_cbf": 222, "w_als": 602}, {"w_user": 677, "w_item": 618, "w_cbf": 219, "w_als": 219}, {"w_user": 544, "w_item": 908, "w_cbf": 79, "w_als": 627}, {"w_user": 198, "w_item": 122, "w_cbf": 73, "w_als": 962}, {"w_user": 493, "w_item": 33, "w_cbf": 53, "w_als": 143}, {"w_user": 631, "w_item": 997, "w_cbf": 168, "w_als": 739}, {"w_user": 903, "w_item": 7, "w_cbf": 265, "w_als": 304}, {"w_user": 603, "w_item": 678, "w_cbf": 104, "w_als": 394}, {"w_user": 159, "w_item": 310, "w_cbf": 81, "w_als": 528}, {"w_user": 91, "w_item": 859, "w_cbf": 8, "w_als": 873}, {"w_user": 208, "w_item": 415, "w_cbf": 120, "w_als": 855}, {"w_user": 959, "w_item": 227, "w_cbf": 67, "w_als": 168}, {"w_user": 880, "w_item": 874, "w_cbf": 46, "w_als": 346}, {"w_user": 752, "w_item": 427, "w_cbf": 110, "w_als": 458}, {"w_user": 517, "w_item": 930, "w_cbf": 241, "w_als": 397}, {"w_user": 949, "w_item": 645, "w_cbf": 149, "w_als": 725}, {"w_user": 164, "w_item": 519, "w_cbf": 82, "w_als": 67}, {"w_user": 532, "w_item": 448, "w_cbf": 233, "w_als": 699}, {"w_user": 89, "w_item": 546, "w_cbf": 295, "w_als": 809}, {"w_user": 70, "w_item": 413, "w_cbf": 131, "w_als": 489}, {"w_user": 907, "w_item": 825, "w_cbf": 241, "w_als": 835}, {"w_user": 296, "w_item": 307, "w_cbf": 212, "w_als": 590}, {"w_user": 614, "w_item": 701, "w_cbf": 179, "w_als": 697}, {"w_user": 312, "w_item": 235, "w_cbf": 128, "w_als": 47}, {"w_user": 59, "w_item": 399, "w_cbf": 12, "w_als": 191}, {"w_user": 476, "w_item": 402, "w_cbf": 179, "w_als": 199}, {"w_user": 404, "w_item": 677, "w_cbf": 78, "w_als": 691}, {"w_user": 287, "w_item": 838, "w_cbf": 216, "w_als": 761}, {"w_user": 381, "w_item": 14, "w_cbf": 123, "w_als": 717}, {"w_user": 890, "w_item": 950, "w_cbf": 66, "w_als": 144}, {"w_user": 226, "w_item": 278, "w_cbf": 151, "w_als": 954}, {"w_user": 894, "w_item": 296, "w_cbf": 68, "w_als": 754}, {"w_user": 694, "w_item": 873, "w_cbf": 267, "w_als": 940}, {"w_user": 787, "w_item": 410, "w_cbf": 285, "w_als": 344}, {"w_user": 668, "w_item": 546, "w_cbf": 45, "w_als": 445}, {"w_user": 442, "w_item": 822, "w_cbf": 92, "w_als": 817}, {"w_user": 650, "w_item": 288, "w_cbf": 242, "w_als": 426}, {"w_user": 377, "w_item": 768, "w_cbf": 162, "w_als": 894}, {"w_user": 665, "w_item": 360, "w_cbf": 254, "w_als": 528}, {"w_user": 536, "w_item": 188, "w_cbf": 118, "w_als": 558}, {"w_user": 818, "w_item": 434, "w_cbf": 146, "w_als": 958}, {"w_user": 605, "w_item": 914, "w_cbf": 145, "w_als": 324}, {"w_user": 523, "w_item": 404, "w_cbf": 82, "w_als": 835}, {"w_user": 84, "w_item": 842, "w_cbf": 97, "w_als": 786}, {"w_user": 846, "w_item": 762, "w_cbf": 38, "w_als": 352}, {"w_user": 784, "w_item": 93, "w_cbf": 35, "w_als": 780}, {"w_user": 461, "w_item": 72, "w_cbf": 294, "w_als": 85}, {"w_user": 86, "w_item": 458, "w_cbf": 98, "w_als": 35}, {"w_user": 184, "w_item": 593, "w_cbf": 147, "w_als": 817}, {"w_user": 153, "w_item": 794, "w_cbf": 53, "w_als": 244}, {"w_user": 69, "w_item": 656, "w_cbf": 207, "w_als": 269}, {"w_user": 751, "w_item": 740, "w_cbf": 283, "w_als": 16}, {"w_user": 724, "w_item": 124, "w_cbf": 16, "w_als": 643}, {"w_user": 1, "w_item": 496, "w_cbf": 22, "w_als": 469}, {"w_user": 183, "w_item": 469, "w_cbf": 93, "w_als": 289}, {"w_user": 268, "w_item": 962, "w_cbf": 264, "w_als": 452}, {"w_user": 379, "w_item": 591, "w_cbf": 233, "w_als": 319}, {"w_user": 897, "w_item": 492, "w_cbf": 7, "w_als": 705}, {"w_user": 906, "w_item": 574, "w_cbf": 219, "w_als": 634}, {"w_user": 500, "w_item": 404, "w_cbf": 179, "w_als": 279}, {"w_user": 493, "w_item": 504, "w_cbf": 230, "w_als": 787}, {"w_user": 793, "w_item": 523, "w_cbf": 41, "w_als": 366}, {"w_user": 885, "w_item": 502, "w_cbf": 196, "w_als": 38}, {"w_user": 89, "w_item": 483, "w_cbf": 195, "w_als": 907}, {"w_user": 633, "w_item": 782, "w_cbf": 61, "w_als": 515}, {"w_user": 495, "w_item": 31, "w_cbf": 188, "w_als": 998}, {"w_user": 413, "w_item": 300, "w_cbf": 182, "w_als": 117}, {"w_user": 195, "w_item": 950, "w_cbf": 296, "w_als": 73}, {"w_user": 245, "w_item": 484, "w_cbf": 78, "w_als": 791}, {"w_user": 388, "w_item": 120, "w_cbf": 61, "w_als": 429}, {"w_user": 215, "w_item": 777, "w_cbf": 112, "w_als": 294}, {"w_user": 740, "w_item": 801, "w_cbf": 153, "w_als": 399}, {"w_user": 752, "w_item": 97, "w_cbf": 89, "w_als": 686}, {"w_user": 82, "w_item": 885, "w_cbf": 261, "w_als": 333}, {"w_user": 780, "w_item": 544, "w_cbf": 173, "w_als": 899}, {"w_user": 270, "w_item": 770, "w_cbf": 100, "w_als": 637}, {"w_user": 795, "w_item": 394, "w_cbf": 45, "w_als": 980}, {"w_user": 292, "w_item": 977, "w_cbf": 248, "w_als": 521}, {"w_user": 41, "w_item": 91, "w_cbf": 77, "w_als": 344}, {"w_user": 323, "w_item": 28, "w_cbf": 295, "w_als": 559}, {"w_user": 0, "w_item": 1000, "w_cbf": 0, "w_als": 1000}, {"w_user": 0, "w_item": 1000, "w_cbf": 300, "w_als": 1000}, {"w_user": 1000, "w_item": 0, "w_cbf": 300, "w_als": 1000}, {"w_user": 0, "w_item": 0, "w_cbf": 0, "w_als": 253}, {"w_user": 0, "w_item": 0, "w_cbf": 0, "w_als": 720}, {"w_user": 0, "w_item": 0, "w_cbf": 0, "w_als": 518}, {"w_user": 1000, "w_item": 0, "w_cbf": 0, "w_als": 912}, {"w_user": 0, "w_item": 0, "w_cbf": 300, "w_als": 1000}, {"w_user": 0, "w_item": 0, "w_cbf": 0, "w_als": 1000}, {"w_user": 1000, "w_item": 1000, "w_cbf": 0, "w_als": 1000}, {"w_user": 1000, "w_item": 0, "w_cbf": 0, "w_als": 1000}, {"w_user": 0, "w_item": 0, "w_cbf": 0, "w_als": 834}, {"w_user": 0, "w_item": 0, "w_cbf": 0, "w_als": 152}, {"w_user": 0, "w_item": 0, "w_cbf": 0, "w_als": 415}, {"w_user": 0, "w_item": 0, "w_cbf": 0, "w_als": 923}, {"w_user": 0, "w_item": 0, "w_cbf": 0, "w_als": 612}, {"w_user": 1000, "w_item": 0, "w_cbf": 300, "w_als": 874}, {"w_user": 1000, "w_item": 0, "w_cbf": 0, "w_als": 509}, {"w_user": 192, "w_item": 0, "w_cbf": 0, "w_als": 205}, {"w_user": 1000, "w_item": 0, "w_cbf": 0, "w_als": 834}, {"w_user": 464, "w_item": 0, "w_cbf": 0, "w_als": 1000}, {"w_user": 0, "w_item": 0, "w_cbf": 300, "w_als": 716}, {"w_user": 0, "w_item": 0, "w_cbf": 0, "w_als": 317}, {"w_user": 0, "w_item": 0, "w_cbf": 0, "w_als": 666}, {"w_user": 0, "w_item": 0, "w_cbf": 106, "w_als": 1000}, {"w_user": 0, "w_item": 0, "w_cbf": 0, "w_als": 776}, {"w_user": 440, "w_item": 0, "w_cbf": 0, "w_als": 880}, {"w_user": 0, "w_item": 0, "w_cbf": 0, "w_als": 468}, {"w_user": 0, "w_item": 0, "w_cbf": 300, "w_als": 902}, {"w_user": 366, "w_item": 0, "w_cbf": 0, "w_als": 568}, {"w_user": 445, "w_item": 0, "w_cbf": 0, "w_als": 736}, {"w_user": 0, "w_item": 0, "w_cbf": 0, "w_als": 965}, {"w_user": 0, "w_item": 0, "w_cbf": 0, "w_als": 565}, {"w_user": 0, "w_item": 0, "w_cbf": 129, "w_als": 790}, {"w_user": 1000, "w_item": 0, "w_cbf": 0, "w_als": 672}, {"w_user": 1000, "w_item": 1000, "w_cbf": 300, "w_als": 1000}, {"w_user": 1000, "w_item": 0, "w_cbf": 0, "w_als": 417}, {"w_user": 0, "w_item": 696, "w_cbf": 0, "w_als": 568}, {"w_user": 1000, "w_item": 0, "w_cbf": 300, "w_als": 772}, {"w_user": 0, "w_item": 0, "w_cbf": 0, "w_als": 371}, {"w_user": 537, "w_item": 0, "w_cbf": 0, "w_als": 951}, {"w_user": 374, "w_item": 0, "w_cbf": 0, "w_als": 289}, {"w_user": 1000, "w_item": 0, "w_cbf": 113, "w_als": 1000}, {"w_user": 0, "w_item": 0, "w_cbf": 0, "w_als": 882}, {"w_user": 0, "w_item": 1000, "w_cbf": 0, "w_als": 758}, {"w_user": 376, "w_item": 0, "w_cbf": 0, "w_als": 488}, {"w_user": 401, "w_item": 0, "w_cbf": 0, "w_als": 810}, {"w_user": 1000, "w_item": 0, "w_cbf": 127, "w_als": 831}, {"w_user": 331, "w_item": 0, "w_cbf": 0, "w_als": 675}, {"w_user": 0, "w_item": 0, "w_cbf": 0, "w_als": 442}, {"w_user": 0, "w_item": 0, "w_cbf": 99, "w_als": 896}, {"w_user": 0, "w_item": 0, "w_cbf": 108, "w_als": 677}, {"w_user": 0, "w_item": 0, "w_cbf": 0, "w_als": 194}, {"w_user": 1000, "w_item": 0, "w_cbf": 0, "w_als": 960}, {"w_user": 350, "w_item": 0, "w_cbf": 0, "w_als": 614}, {"w_user": 0, "w_item": 0, "w_cbf": 0, "w_als": 808}, {"w_user": 0, "w_item": 0, "w_cbf": 0, "w_als": 742}, {"w_user": 0, "w_item": 0, "w_cbf": 0, "w_als": 506}, {"w_user": 0, "w_item": 0, "w_cbf": 0, "w_als": 637}, {"w_user": 304, "w_item": 0, "w_cbf": 0, "w_als": 922}, {"w_user": 0, "w_item": 0, "w_cbf": 0, "w_als": 1000}, {"w_user": 0, "w_item": 0, "w_cbf": 58, "w_als": 419}, {"w_user": 0, "w_item": 0, "w_cbf": 0, "w_als": 275}, {"w_user": 1000, "w_item": 1000, "w_cbf": 0, "w_als": 807}, {"w_user": 0, "w_item": 0, "w_cbf": 0, "w_als": 339}, {"w_user": 1000, "w_item": 0, "w_cbf": 0, "w_als": 592}, {"w_user": 5, "w_item": 847, "w_cbf": 130, "w_als": 971}, {"w_user": 436, "w_item": 0, "w_cbf": 0, "w_als": 1000}, {"w_user": 316, "w_item": 0, "w_cbf": 0, "w_als": 775}, {"w_user": 5, "w_item": 17, "w_cbf": 75, "w_als": 569}, {"w_user": 1000, "w_item": 0, "w_cbf": 0, "w_als": 750}, {"w_user": 0, "w_item": 797, "w_cbf": 0, "w_als": 947}, {"w_user": 0, "w_item": 1000, "w_cbf": 300, "w_als": 887}, {"w_user": 338, "w_item": 0, "w_cbf": 0, "w_als": 849}, {"w_user": 45, "w_item": 3, "w_cbf": 246, "w_als": 959}, {"w_user": 236, "w_item": 0, "w_cbf": 0, "w_als": 970}, {"w_user": 219, "w_item": 0, "w_cbf": 0, "w_als": 388}, {"w_user": 632, "w_item": 3, "w_cbf": 120, "w_als": 924}, {"w_user": 0, "w_item": 0, "w_cbf": 0, "w_als": 696}, {"w_user": 473, "w_item": 1, "w_cbf": 211, "w_als": 846}, {"w_user": 508, "w_item": 8, "w_cbf": 4, "w_als": 363}, {"w_user": 0, "w_item": 0, "w_cbf": 0, "w_als": 541}, {"w_user": 0, "w_item": 102, "w_cbf": 0, "w_als": 868}, {"w_user": 967, "w_item": 10, "w_cbf": 59, "w_als": 883}, {"w_user": 0, "w_item": 0, "w_cbf": 0, "w_als": 924}, {"w_user": 1, "w_item": 953, "w_cbf": 299, "w_als": 714}, {"w_user": 318, "w_item": 653, "w_cbf": 6, "w_als": 1000}, {"w_user": 0, "w_item": 0, "w_cbf": 0, "w_als": 764}, {"w_user": 224, "w_item": 0, "w_cbf": 1, "w_als": 450}, {"w_user": 35, "w_item": 31, "w_cbf": 95, "w_als": 846}, {"w_user": 267, "w_item": 0, "w_cbf": 0, "w_als": 531}, {"w_user": 37, "w_item": 22, "w_cbf": 287, "w_als": 651}, {"w_user": 239, "w_item": 2, "w_cbf": 0, "w_als": 710}, {"w_user": 0, "w_item": 0, "w_cbf": 0, "w_als": 195}, {"w_user": 476, "w_item": 15, "w_cbf": 15, "w_als": 254}, {"w_user": 8, "w_item": 812, "w_cbf": 6, "w_als": 684}, {"w_user": 993, "w_item": 974, "w_cbf": 16, "w_als": 925}, {"w_user": 44, "w_item": 0, "w_cbf": 0, "w_als": 599}, {"w_user": 50, "w_item": 986, "w_cbf": 0, "w_als": 833}, {"w_user": 510, "w_item": 15, "w_cbf": 298, "w_als": 999}, {"w_user": 190, "w_item": 38, "w_cbf": 0, "w_als": 137}, {"w_user": 96, "w_item": 0, "w_cbf": 0, "w_als": 647}, {"w_user": 373, "w_item": 994, "w_cbf": 145, "w_als": 998}, {"w_user": 717, "w_item": 10, "w_cbf": 14, "w_als": 879}, {"w_user": 569, "w_item": 1, "w_cbf": 7, "w_als": 843}, {"w_user": 994, "w_item": 22, "w_cbf": 183, "w_als": 947}, {"w_user": 1, "w_item": 31, "w_cbf": 95, "w_als": 936}, {"w_user": 6, "w_item": 0, "w_cbf": 0, "w_als": 1000}, {"w_user": 0, "w_item": 0, "w_cbf": 0, "w_als": 374}, {"w_user": 0, "w_item": 4, "w_cbf": 168, "w_als": 744}, {"w_user": 37, "w_item": 38, "w_cbf": 48, "w_als": 495}, {"w_user": 839, "w_item": 1, "w_cbf": 2, "w_als": 316}, {"w_user": 4, "w_item": 0, "w_cbf": 2, "w_als": 582}, {"w_user": 974, "w_item": 100, "w_cbf": 0, "w_als": 792}, {"w_user": 366, "w_item": 0, "w_cbf": 0, "w_als": 916}, {"w_user": 83, "w_item": 0, "w_cbf": 0, "w_als": 235}, {"w_user": 537, "w_item": 10, "w_cbf": 6, "w_als": 694}, {"w_user": 0, "w_item": 0, "w_cbf": 0, "w_als": 800}, {"w_user": 18, "w_item": 18, "w_cbf": 149, "w_als": 426}, {"w_user": 0, "w_item": 0, "w_cbf": 0, "w_als": 908}, {"w_user": 246, "w_item": 15, "w_cbf": 70, "w_als": 981}, {"w_user": 968, "w_item": 2, "w_cbf": 153, "w_als": 701}, {"w_user": 1, "w_item": 154, "w_cbf": 28, "w_als": 850}, {"w_user": 1, "w_item": 24, "w_cbf": 1, "w_als": 450}, {"w_user": 933, "w_item": 941, "w_cbf": 1, "w_als": 625}, {"w_user": 0, "w_item": 0, "w_cbf": 0, "w_als": 170}, {"w_user": 315, "w_item": 0, "w_cbf": 0, "w_als": 750}, {"w_user": 6, "w_item": 50, "w_cbf": 1, "w_als": 969}, {"w_user": 2, "w_item": 435, "w_cbf": 126, "w_als": 999}, {"w_user": 4, "w_item": 53, "w_cbf": 291, "w_als": 531}, {"w_user": 829, "w_item": 4, "w_cbf": 1, "w_als": 538}, {"w_user": 3, "w_item": 27, "w_cbf": 7, "w_als": 118}, {"w_user": 0, "w_item": 332, "w_cbf": 0, "w_als": 911}, {"w_user": 0, "w_item": 248, "w_cbf": 0, "w_als": 1000}, {"w_user": 0, "w_item": 349, "w_cbf": 0, "w_als": 652}, {"w_user": 376, "w_item": 8, "w_cbf": 4, "w_als": 589}, {"w_user": 0, "w_item": 0, "w_cbf": 0, "w_als": 962}, {"w_user": 929, "w_item": 5, "w_cbf": 0, "w_als": 647}, {"w_user": 305, "w_item": 29, "w_cbf": 68, "w_als": 883}, {"w_user": 5, "w_item": 3, "w_cbf": 50, "w_als": 322}, {"w_user": 0, "w_item": 233, "w_cbf": 0, "w_als": 512}, {"w_user": 18, "w_item": 0, "w_cbf": 0, "w_als": 621}, {"w_user": 192, "w_item": 28, "w_cbf": 1, "w_als": 472}, {"w_user": 24, "w_item": 910, "w_cbf": 23, "w_als": 411}, {"w_user": 223, "w_item": 0, "w_cbf": 0, "w_als": 879}, {"w_user": 989, "w_item": 38, "w_cbf": 290, "w_als": 561}, {"w_user": 447, "w_item": 518, "w_cbf": 285, "w_als": 1000}, {"w_user": 41, "w_item": 0, "w_cbf": 0, "w_als": 491}, {"w_user": 397, "w_item": 57, "w_cbf": 1, "w_als": 826}, {"w_user": 0, "w_item": 0, "w_cbf": 0, "w_als": 134}, {"w_user": 13, "w_item": 0, "w_cbf": 0, "w_als": 869}, {"w_user": 357, "w_item": 55, "w_cbf": 58, "w_als": 993}, {"w_user": 914, "w_item": 59, "w_cbf": 1, "w_als": 892}, {"w_user": 16, "w_item": 17, "w_cbf": 74, "w_als": 657}, {"w_user": 48, "w_item": 46, "w_cbf": 0, "w_als": 766}, {"w_user": 416, "w_item": 0, "w_cbf": 0, "w_als": 766}, {"w_user": 108, "w_item": 0, "w_cbf": 0, "w_als": 542}, {"w_user": 0, "w_item": 0, "w_cbf": 0, "w_als": 828}, {"w_user": 443, "w_item": 52, "w_cbf": 7, "w_als": 617}, {"w_user": 0, "w_item": 0, "w_cbf": 0, "w_als": 730}, {"w_user": 114, "w_item": 0, "w_cbf": 16, "w_als": 792}, {"w_user": 0, "w_item": 1, "w_cbf": 0, "w_als": 694}, {"w_user": 68, "w_item": 3, "w_cbf": 4, "w_als": 797}, {"w_user": 509, "w_item": 2, "w_cbf": 0, "w_als": 948}, {"w_user": 80, "w_item": 2, "w_cbf": 22, "w_als": 937}]