[{"w_user": 175, "w_item": 70, "w_cbf": 25}, {"w_user": 695, "w_item": 433, "w_cbf": 255}, {"w_user": 748, "w_item": 973, "w_cbf": 895}, {"w_user": 462, "w_item": 409, "w_cbf": 724}, {"w_user": 67, "w_item": 488, "w_cbf": 237}, {"w_user": 436, "w_item": 310, "w_cbf": 430}, {"w_user": 404, "w_item": 577, "w_cbf": 713}, {"w_user": 712, "w_item": 349, "w_cbf": 309}, {"w_user": 881, "w_item": 424, "w_cbf": 791}, {"w_user": 618, "w_item": 652, "w_cbf": 414}, {"w_user": 155, "w_item": 869, "w_cbf": 24}, {"w_user": 549, "w_item": 210, "w_cbf": 303}, {"w_user": 107, "w_item": 125, "w_cbf": 793}, {"w_user": 111, "w_item": 937, "w_cbf": 491}, {"w_user": 173, "w_item": 915, "w_cbf": 438}, {"w_user": 888, "w_item": 572, "w_cbf": 756}, {"w_user": 436, "w_item": 555, "w_cbf": 184}, {"w_user": 543, "w_item": 324, "w_cbf": 982}, {"w_user": 771, "w_item": 179, "w_cbf": 842}, {"w_user": 993, "w_item": 681, "w_cbf": 83}, {"w_user": 544, "w_item": 569, "w_cbf": 132}, {"w_user": 858, "w_item": 603, "w_cbf": 855}, {"w_user": 221, "w_item": 613, "w_cbf": 331}, null, null, null, null, null, null, null, null, null, null, null, null, null, null, null, null, null, null, null, null, null, null, null, null, null, null, null, null, null, null, null, null, null, null, null, null, null, null, null, null, null, null, null, null, null, null, null, null, null, null, null, null, null, null, null, null, null, null, null, null, null, null, null, null, null, null, null, null, null, null, null, null, null, null, null, null, null, null, null, null, null, null, null, null, null, null, null, null, null, null, null, null, null, null, null, null, null, null, null, null, null, null, null, null, null, null, null, null, null, null, null, null, null, null, null, null, null, null, null, null, null, null, null, null, null, null, null]