[{"w_user": 178, "w_item": 380, "w_cbf": 933}, {"w_user": 691, "w_item": 530, "w_cbf": 260}, {"w_user": 5, "w_item": 704, "w_cbf": 665}, {"w_user": 973, "w_item": 662, "w_cbf": 54}, {"w_user": 425, "w_item": 347, "w_cbf": 343}, {"w_user": 784, "w_item": 82, "w_cbf": 606}, {"w_user": 995, "w_item": 581, "w_cbf": 627}, {"w_user": 865, "w_item": 656, "w_cbf": 599}, {"w_user": 700, "w_item": 262, "w_cbf": 220}, {"w_user": 497, "w_item": 152, "w_cbf": 485}, {"w_user": 913, "w_item": 297, "w_cbf": 701}, {"w_user": 566, "w_item": 846, "w_cbf": 339}, {"w_user": 752, "w_item": 425, "w_cbf": 492}, {"w_user": 536, "w_item": 205, "w_cbf": 540}, {"w_user": 637, "w_item": 415, "w_cbf": 673}, {"w_user": 380, "w_item": 910, "w_cbf": 666}, {"w_user": 739, "w_item": 203, "w_cbf": 765}, {"w_user": 34, "w_item": 904, "w_cbf": 387}, {"w_user": 504, "w_item": 431, "w_cbf": 620}, {"w_user": 977, "w_item": 242, "w_cbf": 459}, {"w_user": 825, "w_item": 226, "w_cbf": 636}, {"w_user": 163, "w_item": 702, "w_cbf": 635}, {"w_user": 41, "w_item": 396, "w_cbf": 89}, {"w_user": 790, "w_item": 95, "w_cbf": 977}, {"w_user": 829, "w_item": 342, "w_cbf": 983}, {"w_user": 486, "w_item": 403, "w_cbf": 238}, {"w_user": 45, "w_item": 315, "w_cbf": 912}, {"w_user": 237, "w_item": 352, "w_cbf": 522}, {"w_user": 856, "w_item": 55, "w_cbf": 994}, {"w_user": 33, "w_item": 634, "w_cbf": 834}, {"w_user": 318, "w_item": 827, "w_cbf": 808}, {"w_user": 693, "w_item": 432, "w_cbf": 341}, {"w_user": 823, "w_item": 343, "w_cbf": 649}, {"w_user": 658, "w_item": 163, "w_cbf": 295}, {"w_user": 334, "w_item": 944, "w_cbf": 554}, {"w_user": 245, "w_item": 633, "w_cbf": 41}, {"w_user": 285, "w_item": 786, "w_cbf": 305}, {"w_user": 408, "w_item": 762, "w_cbf": 951}, {"w_user": 830, "w_item": 295, "w_cbf": 261}, {"w_user": 263, "w_item": 790, "w_cbf": 427}, {"w_user": 695, "w_item": 35, "w_cbf": 733}, {"w_user": 885, "w_item": 640, "w_cbf": 975}, {"w_user": 671, "w_item": 163, "w_cbf": 773}, {"w_user": 964, "w_item": 510, "w_cbf": 832}, {"w_user": 718, "w_item": 510, "w_cbf": 516}, {"w_user": 340, "w_item": 324, "w_cbf": 714}, {"w_user": 724, "w_item": 315, "w_cbf": 594}, {"w_user": 673, "w_item": 356, "w_cbf": 852}, {"w_user": 574, "w_item": 130, "w_cbf": 799}, {"w_user": 554, "w_item": 23, "w_cbf": 162}, {"w_user": 123, "w_item": 876, "w_cbf": 275}, {"w_user": 147, "w_item": 685, "w_cbf": 316}, {"w_user": 399, "w_item": 889, "w_cbf": 382}, {"w_user": 992, "w_item": 961, "w_cbf": 361}, {"w_user": 512, "w_item": 460, "w_cbf": 503}, {"w_user": 33, "w_item": 727, "w_cbf": 733}, {"w_user": 597, "w_item": 598, "w_cbf": 555}, {"w_user": 553, "w_item": 437, "w_cbf": 773}, {"w_user": 949, "w_item": 194, "w_cbf": 132}, {"w_user": 438, "w_item": 691, "w_cbf": 333}, {"w_user": 557, "w_item": 201, "w_cbf": 272}, {"w_user": 647, "w_item": 705, "w_cbf": 974}, {"w_user": 861, "w_item": 219, "w_cbf": 565}, {"w_user": 905, "w_item": 242, "w_cbf": 398}, {"w_user": 470, "w_item": 29, "w_cbf": 269}, {"w_user": 375, "w_item": 399, "w_cbf": 68}, {"w_user": 270, "w_item": 50, "w_cbf": 510}, {"w_user": 59, "w_item": 742, "w_cbf": 932}, {"w_user": 350, "w_item": 21, "w_cbf": 685}, {"w_user": 780, "w_item": 365, "w_cbf": 858}, {"w_user": 61, "w_item": 706, "w_cbf": 294}, {"w_user": 40, "w_item": 281, "w_cbf": 804}, {"w_user": 742, "w_item": 196, "w_cbf": 318}, {"w_user": 617, "w_item": 535, "w_cbf": 151}, {"w_user": 374, "w_item": 832, "w_cbf": 739}, {"w_user": 577, "w_item": 331, "w_cbf": 679}, {"w_user": 575, "w_item": 832, "w_cbf": 388}, {"w_user": 41, "w_item": 912, "w_cbf": 679}, {"w_user": 122, "w_item": 576, "w_cbf": 96}, {"w_user": 865, "w_item": 362, "w_cbf": 177}, {"w_user": 113, "w_item": 504, "w_cbf": 69}, {"w_user": 474, "w_item": 493, "w_cbf": 487}, {"w_user": 495, "w_item": 320, "w_cbf": 248}, {"w_user": 492, "w_item": 329, "w_cbf": 676}, {"w_user": 455, "w_item": 844, "w_cbf": 295}, {"w_user": 307, "w_item": 357, "w_cbf": 542}, {"w_user": 183, "w_item": 444, "w_cbf": 281}, {"w_user": 834, "w_item": 775, "w_cbf": 245}, {"w_user": 31, "w_item": 205, "w_cbf": 8}, {"w_user": 432, "w_item": 718, "w_cbf": 531}, {"w_user": 397, "w_item": 857, "w_cbf": 11}, {"w_user": 619, "w_item": 942, "w_cbf": 349}, {"w_user": 817, "w_item": 25, "w_cbf": 580}, {"w_user": 990, "w_item": 505, "w_cbf": 165}, {"w_user": 132, "w_item": 291, "w_cbf": 507}, {"w_user": 158, "w_item": 554, "w_cbf": 464}, {"w_user": 740, "w_item": 412, "w_cbf": 457}, {"w_user": 320, "w_item": 622, "w_cbf": 678}, {"w_user": 130, "w_item": 913, "w_cbf": 689}, {"w_user": 561, "w_item": 636, "w_cbf": 515}, {"w_user": 604, "w_item": 540, "w_cbf": 542}, {"w_user": 105, "w_item": 373, "w_cbf": 707}, {"w_user": 650, "w_item": 822, "w_cbf": 978}, {"w_user": 148, "w_item": 589, "w_cbf": 238}, {"w_user": 16, "w_item": 911, "w_cbf": 981}, {"w_user": 697, "w_item": 208, "w_cbf": 681}, {"w_user": 515, "w_item": 523, "w_cbf": 813}, {"w_user": 803, "w_item": 230, "w_cbf": 910}, {"w_user": 312, "w_item": 303, "w_cbf": 377}, {"w_user": 54, "w_item": 505, "w_cbf": 697}, {"w_user": 284, "w_item": 409, "w_cbf": 988}, {"w_user": 186, "w_item": 381, "w_cbf": 685}, {"w_user": 721, "w_item": 709, "w_cbf": 245}, {"w_user": 936, "w_item": 68, "w_cbf": 194}, {"w_user": 746, "w_item": 526, "w_cbf": 678}, {"w_user": 742, "w_item": 913, "w_cbf": 436}, {"w_user": 315, "w_item": 843, "w_cbf": 686}, {"w_user": 694, "w_item": 682, "w_cbf": 136}, {"w_user": 89, "w_item": 435, "w_cbf": 466}, {"w_user": 19, "w_item": 169, "w_cbf": 413}, {"w_user": 323, "w_item": 540, "w_cbf": 732}, {"w_user": 798, "w_item": 839, "w_cbf": 27}, {"w_user": 448, "w_item": 678, "w_cbf": 452}, {"w_user": 510, "w_item": 762, "w_cbf": 784}, {"w_user": 688, "w_item": 985, "w_cbf": 239}, {"w_user": 259, "w_item": 798, "w_cbf": 441}, {"w_user": 974, "w_item": 821, "w_cbf": 777}, {"w_user": 183, "w_item": 284, "w_cbf": 519}, {"w_user": 603, "w_item": 341, "w_cbf": 248}, {"w_user": 172, "w_item": 767, "w_cbf": 260}, {"w_user": 348, "w_item": 603, "w_cbf": 487}, {"w_user": 275, "w_item": 511, "w_cbf": 800}, {"w_user": 431, "w_item": 19, "w_cbf": 134}, {"w_user": 735, "w_item": 709, "w_cbf": 876}, {"w_user": 49, "w_item": 712, "w_cbf": 475}, {"w_user": 973, "w_item": 980, "w_cbf": 1}, {"w_user": 988, "w_item": 212, "w_cbf": 0}, {"w_user": 980, "w_item": 965, "w_cbf": 4}, {"w_user": 12, "w_item": 967, "w_cbf": 17}, {"w_user": 985, "w_item": 23, "w_cbf": 5}, {"w_user": 921, "w_item": 982, "w_cbf": 1}, {"w_user": 31, "w_item": 926, "w_cbf": 3}, {"w_user": 989, "w_item": 446, "w_cbf": 5}, {"w_user": 22, "w_item": 5, "w_cbf": 22}, {"w_user": 1000, "w_item": 609, "w_cbf": 0}, {"w_user": 1000, "w_item": 624, "w_cbf": 0}, {"w_user": 8, "w_item": 995, "w_cbf": 23}, {"w_user": 63, "w_item": 973, "w_cbf": 9}, {"w_user": 0, "w_item": 1000, "w_cbf": 0}, {"w_user": 985, "w_item": 999, "w_cbf": 995}, {"w_user": 7, "w_item": 97, "w_cbf": 3}, {"w_user": 998, "w_item": 63, "w_cbf": 7}, {"w_user": 0, "w_item": 651, "w_cbf": 0}, {"w_user": 977, "w_item": 985, "w_cbf": 8}, {"w_user": 998, "w_item": 986, "w_cbf": 94}, {"w_user": 1000, "w_item": 1000, "w_cbf": 113}, {"w_user": 975, "w_item": 1000, "w_cbf": 185}, {"w_user": 971, "w_item": 989, "w_cbf": 154}, {"w_user": 1000, "w_item": 985, "w_cbf": 86}, {"w_user": 1000, "w_item": 1000, "w_cbf": 112}, {"w_user": 987, "w_item": 982, "w_cbf": 125}, {"w_user": 94, "w_item": 974, "w_cbf": 119}, {"w_user": 66, "w_item": 995, "w_cbf": 146}, {"w_user": 1000, "w_item": 1000, "w_cbf": 111}, {"w_user": 993, "w_item": 1000, "w_cbf": 154}, {"w_user": 23, "w_item": 999, "w_cbf": 113}, {"w_user": 112, "w_item": 3, "w_cbf": 2}, {"w_user": 11, "w_item": 973, "w_cbf": 145}, {"w_user": 871, "w_item": 18, "w_cbf": 5}, {"w_user": 980, "w_item": 984, "w_cbf": 84}, {"w_user": 979, "w_item": 989, "w_cbf": 188}, {"w_user": 1000, "w_item": 1000, "w_cbf": 111}, {"w_user": 964, "w_item": 994, "w_cbf": 3}, {"w_user": 1000, "w_item": 1000, "w_cbf": 113}, {"w_user": 1000, "w_item": 1000, "w_cbf": 113}, {"w_user": 1000, "w_item": 1000, "w_cbf": 113}, {"w_user": 1000, "w_item": 1000, "w_cbf": 113}, {"w_user": 964, "w_item": 18, "w_cbf": 8}, {"w_user": 980, "w_item": 2, "w_cbf": 9}, {"w_user": 970, "w_item": 997, "w_cbf": 210}, {"w_user": 1000, "w_item": 1000, "w_cbf": 111}, {"w_user": 18, "w_item": 980, "w_cbf": 105}, {"w_user": 1000, "w_item": 996, "w_cbf": 490}, {"w_user": 65, "w_item": 11, "w_cbf": 5}, {"w_user": 979, "w_item": 2, "w_cbf": 53}, {"w_user": 981, "w_item": 998, "w_cbf": 1}, {"w_user": 59, "w_item": 998, "w_cbf": 90}, {"w_user": 8, "w_item": 992, "w_cbf": 128}, {"w_user": 954, "w_item": 978, "w_cbf": 997}, {"w_user": 976, "w_item": 995, "w_cbf": 248}, {"w_user": 26, "w_item": 993, "w_cbf": 1}, {"w_user": 79, "w_item": 12, "w_cbf": 1}, {"w_user": 2, "w_item": 9, "w_cbf": 1}, {"w_user": 1000, "w_item": 1000, "w_cbf": 112}, {"w_user": 998, "w_item": 998, "w_cbf": 587}, {"w_user": 1000, "w_item": 1000, "w_cbf": 112}, {"w_user": 1000, "w_item": 1000, "w_cbf": 112}, {"w_user": 33, "w_item": 991, "w_cbf": 144}, {"w_user": 955, "w_item": 10, "w_cbf": 80}, {"w_user": 1000, "w_item": 1000, "w_cbf": 110}, {"w_user": 1000, "w_item": 1000, "w_cbf": 110}, {"w_user": 1000, "w_item": 1000, "w_cbf": 110}, {"w_user": 44, "w_item": 9, "w_cbf": 998}, {"w_user": 1000, "w_item": 1000, "w_cbf": 110}, {"w_user": 982, "w_item": 13, "w_cbf": 95}, {"w_user": 992, "w_item": 986, "w_cbf": 223}, {"w_user": 3, "w_item": 984, "w_cbf": 97}, {"w_user": 1000, "w_item": 1000, "w_cbf": 109}, {"w_user": 2, "w_item": 16, "w_cbf": 71}, {"w_user": 1000, "w_item": 1000, "w_cbf": 118}, {"w_user": 1000, "w_item": 1000, "w_cbf": 118}, {"w_user": 1000, "w_item": 1000, "w_cbf": 118}, {"w_user": 990, "w_item": 999, "w_cbf": 414}, {"w_user": 1000, "w_item": 1000, "w_cbf": 118}, {"w_user": 984, "w_item": 992, "w_cbf": 849}, {"w_user": 934, "w_item": 21, "w_cbf": 1}, {"w_user": 19, "w_item": 999, "w_cbf": 192}, {"w_user": 960, "w_item": 30, "w_cbf": 1}, {"w_user": 1000, "w_item": 1000, "w_cbf": 116}, {"w_user": 1000, "w_item": 1000, "w_cbf": 116}, {"w_user": 63, "w_item": 979, "w_cbf": 997}, {"w_user": 1000, "w_item": 1000, "w_cbf": 116}, {"w_user": 959, "w_item": 985, "w_cbf": 1}, {"w_user": 988, "w_item": 482, "w_cbf": 65}, {"w_user": 993, "w_item": 541, "w_cbf": 60}, {"w_user": 964, "w_item": 999, "w_cbf": 304}, {"w_user": 1000, "w_item": 1000, "w_cbf": 114}, {"w_user": 1000, "w_item": 1000, "w_cbf": 114}, {"w_user": 12, "w_item": 622, "w_cbf": 0}, {"w_user": 991, "w_item": 18, "w_cbf": 2}, {"w_user": 1000, "w_item": 1000, "w_cbf": 112}, {"w_user": 999, "w_item": 576, "w_cbf": 74}, {"w_user": 1000, "w_item": 1000, "w_cbf": 112}, {"w_user": 979, "w_item": 492, "w_cbf": 74}, {"w_user": 988, "w_item": 986, "w_cbf": 575}, {"w_user": 999, "w_item": 504, "w_cbf": 56}, {"w_user": 13, "w_item": 992, "w_cbf": 64}, {"w_user": 1000, "w_item": 1000, "w_cbf": 109}, {"w_user": 1000, "w_item": 1000, "w_cbf": 109}, {"w_user": 996, "w_item": 993, "w_cbf": 299}, {"w_user": 931, "w_item": 14, "w_cbf": 1}, {"w_user": 974, "w_item": 998, "w_cbf": 806}, {"w_user": 985, "w_item": 529, "w_cbf": 76}, {"w_user": 1000, "w_item": 1000, "w_cbf": 108}, {"w_user": 1000, "w_item": 1000, "w_cbf": 108}, {"w_user": 1000, "w_item": 1000, "w_cbf": 108}, {"w_user": 6, "w_item": 461, "w_cbf": 0}, {"w_user": 2, "w_item": 985, "w_cbf": 135}, {"w_user": 1000, "w_item": 1000, "w_cbf": 106}, {"w_user": 992, "w_item": 543, "w_cbf": 64}, {"w_user": 991, "w_item": 535, "w_cbf": 68}, {"w_user": 1000, "w_item": 1000, "w_cbf": 105}, {"w_user": 1000, "w_item": 1000, "w_cbf": 105}, {"w_user": 27, "w_item": 990, "w_cbf": 69}, {"w_user": 1000, "w_item": 1000, "w_cbf": 104}, {"w_user": 1000, "w_item": 1000, "w_cbf": 104}, {"w_user": 11, "w_item": 998, "w_cbf": 3}, {"w_user": 928, "w_item": 12, "w_cbf": 98}, {"w_user": 6, "w_item": 992, "w_cbf": 169}, {"w_user": 976, "w_item": 986, "w_cbf": 241}, {"w_user": 1000, "w_item": 1000, "w_cbf": 103}, {"w_user": 1000, "w_item": 1000, "w_cbf": 103}, {"w_user": 944, "w_item": 5, "w_cbf": 2}, {"w_user": 1000, "w_item": 1000, "w_cbf": 103}, {"w_user": 972, "w_item": 996, "w_cbf": 8}, {"w_user": 1000, "w_item": 1000, "w_cbf": 104}, {"w_user": 1000, "w_item": 1000, "w_cbf": 104}, {"w_user": 1000, "w_item": 1000, "w_cbf": 104}, {"w_user": 981, "w_item": 3, "w_cbf": 106}, {"w_user": 1000, "w_item": 1000, "w_cbf": 104}, {"w_user": 998, "w_item": 994, "w_cbf": 666}, {"w_user": 1000, "w_item": 1000, "w_cbf": 104}, {"w_user": 1000, "w_item": 1000, "w_cbf": 104}, {"w_user": 1000, "w_item": 1000, "w_cbf": 104}, {"w_user": 2, "w_item": 0, "w_cbf": 91}, {"w_user": 488, "w_item": 938, "w_cbf": 86}, {"w_user": 629, "w_item": 1000, "w_cbf": 95}, {"w_user": 990, "w_item": 8, "w_cbf": 362}, {"w_user": 14, "w_item": 990, "w_cbf": 554}, {"w_user": 641, "w_item": 1000, "w_cbf": 96}, {"w_user": 645, "w_item": 1000, "w_cbf": 96}, {"w_user": 649, "w_item": 1000, "w_cbf": 96}, {"w_user": 994, "w_item": 557, "w_cbf": 154}, {"w_user": 652, "w_item": 1000, "w_cbf": 96}, {"w_user": 7, "w_item": 993, "w_cbf": 836}, {"w_user": 26, "w_item": 1000, "w_cbf": 279}, {"w_user": 549, "w_item": 663, "w_cbf": 56}, {"w_user": 646, "w_item": 1000, "w_cbf": 95}, {"w_user": 650, "w_item": 1000, "w_cbf": 96}, {"w_user": 653, "w_item": 1000, "w_cbf": 96}, {"w_user": 656, "w_item": 1000, "w_cbf": 96}, {"w_user": 1000, "w_item": 772, "w_cbf": 96}, {"w_user": 429, "w_item": 501, "w_cbf": 1}, {"w_user": 966, "w_item": 996, "w_cbf": 432}, {"w_user": 1000, "w_item": 777, "w_cbf": 96}, {"w_user": 981, "w_item": 29, "w_cbf": 997}, {"w_user": 989, "w_item": 608, "w_cbf": 150}, {"w_user": 1000, "w_item": 784, "w_cbf": 96}, {"w_user": 1000, "w_item": 785, "w_cbf": 96}, {"w_user": 11, "w_item": 988, "w_cbf": 407}]