[{"w_slim_bpr": 1689}, {"w_slim_bpr": 766}, {"w_slim_bpr": 1864}, {"w_slim_bpr": 1979}, {"w_slim_bpr": 188}, {"w_slim_bpr": 510}, {"w_slim_bpr": 1302}, {"w_slim_bpr": 271}, {"w_slim_bpr": 762}, {"w_slim_bpr": 1687}, {"w_slim_bpr": 184}, {"w_slim_bpr": 1979}, {"w_slim_bpr": 600}, {"w_slim_bpr": 962}, {"w_slim_bpr": 1181}, {"w_slim_bpr": 1553}, {"w_slim_bpr": 1013}, {"w_slim_bpr": 417}, {"w_slim_bpr": 1174}, {"w_slim_bpr": 274}, {"w_slim_bpr": 611}, {"w_slim_bpr": 154}, {"w_slim_bpr": 1146}, {"w_slim_bpr": 805}, {"w_slim_bpr": 913}, {"w_slim_bpr": 531}, {"w_slim_bpr": 842}, {"w_slim_bpr": 530}, {"w_slim_bpr": 1966}, {"w_slim_bpr": 852}, {"w_slim_bpr": 1001}, {"w_slim_bpr": 1230}, {"w_slim_bpr": 1381}, {"w_slim_bpr": 310}, {"w_slim_bpr": 1050}, {"w_slim_bpr": 1433}, {"w_slim_bpr": 168}, {"w_slim_bpr": 830}, {"w_slim_bpr": 1538}, {"w_slim_bpr": 465}, {"w_slim_bpr": 215}, {"w_slim_bpr": 1172}, {"w_slim_bpr": 1480}, {"w_slim_bpr": 1501}, {"w_slim_bpr": 1787}, {"w_slim_bpr": 1511}, {"w_slim_bpr": 817}, {"w_slim_bpr": 1259}, {"w_slim_bpr": 1155}, {"w_slim_bpr": 1255}, {"w_slim_bpr": 154}, {"w_slim_bpr": 488}, {"w_slim_bpr": 7}, {"w_slim_bpr": 1145}, {"w_slim_bpr": 694}, {"w_slim_bpr": 1147}, {"w_slim_bpr": 1384}, {"w_slim_bpr": 459}, {"w_slim_bpr": 1323}, {"w_slim_bpr": 1366}, {"w_slim_bpr": 665}, {"w_slim_bpr": 1280}, {"w_slim_bpr": 1784}, {"w_slim_bpr": 8}, {"w_slim_bpr": 1460}, {"w_slim_bpr": 922}, {"w_slim_bpr": 1953}, {"w_slim_bpr": 1204}, {"w_slim_bpr": 614}, {"w_slim_bpr": 973}, {"w_slim_bpr": 1070}, {"w_slim_bpr": 730}, {"w_slim_bpr": 894}, {"w_slim_bpr": 938}, {"w_slim_bpr": 11}, {"w_slim_bpr": 928}, {"w_slim_bpr": 672}, {"w_slim_bpr": 671}, {"w_slim_bpr": 1086}, {"w_slim_bpr": 162}, {"w_slim_bpr": 905}, {"w_slim_bpr": 1920}, {"w_slim_bpr": 964}, {"w_slim_bpr": 1468}, {"w_slim_bpr": 1361}, {"w_slim_bpr": 1207}, {"w_slim_bpr": 1480}, {"w_slim_bpr": 858}, {"w_slim_bpr": 1285}, {"w_slim_bpr": 1722}, {"w_slim_bpr": 917}, {"w_slim_bpr": 1593}, {"w_slim_bpr": 1746}, {"w_slim_bpr": 282}, {"w_slim_bpr": 1168}, {"w_slim_bpr": 59}, {"w_slim_bpr": 1858}, {"w_slim_bpr": 1836}, {"w_slim_bpr": 1429}, {"w_slim_bpr": 611}, {"w_slim_bpr": 1474}, {"w_slim_bpr": 1199}, {"w_slim_bpr": 135}, {"w_slim_bpr": 1709}, {"w_slim_bpr": 1851}, {"w_slim_bpr": 1269}, {"w_slim_bpr": 820}, {"w_slim_bpr": 1824}, {"w_slim_bpr": 1560}, {"w_slim_bpr": 1670}, {"w_slim_bpr": 8}, {"w_slim_bpr": 1597}, {"w_slim_bpr": 276}, {"w_slim_bpr": 1693}, {"w_slim_bpr": 823}, {"w_slim_bpr": 880}, {"w_slim_bpr": 975}, {"w_slim_bpr": 1558}, {"w_slim_bpr": 1612}, {"w_slim_bpr": 235}, {"w_slim_bpr": 1775}, {"w_slim_bpr": 292}, {"w_slim_bpr": 550}, {"w_slim_bpr": 1376}, {"w_slim_bpr": 1394}, {"w_slim_bpr": 1789}, {"w_slim_bpr": 1417}, {"w_slim_bpr": 1234}, {"w_slim_bpr": 1681}, {"w_slim_bpr": 811}, {"w_slim_bpr": 217}, {"w_slim_bpr": 1368}, {"w_slim_bpr": 1271}, {"w_slim_bpr": 1625}, {"w_slim_bpr": 1191}, {"w_slim_bpr": 0}, {"w_slim_bpr": 0}, {"w_slim_bpr": 0}, {"w_slim_bpr": 0}, {"w_slim_bpr": 0}, {"w_slim_bpr": 0}, {"w_slim_bpr": 0}, {"w_slim_bpr": 0}, {"w_slim_bpr": 0}, {"w_slim_bpr": 0}, {"w_slim_bpr": 0}, {"w_slim_bpr": 0}, {"w_slim_bpr": 0}, {"w_slim_bpr": 0}, {"w_slim_bpr": 0}, {"w_slim_bpr": 0}, {"w_slim_bpr": 0}, {"w_slim_bpr": 0}, {"w_slim_bpr": 0}, {"w_slim_bpr": 0}, {"w_slim_bpr": 0}, {"w_slim_bpr": 0}, {"w_slim_bpr": 0}, {"w_slim_bpr": 0}, {"w_slim_bpr": 0}, {"w_slim_bpr": 0}, {"w_slim_bpr": 0}, {"w_slim_bpr": 0}, {"w_slim_bpr": 1}, {"w_slim_bpr": 0}, {"w_slim_bpr": 0}, {"w_slim_bpr": 0}, {"w_slim_bpr": 0}, {"w_slim_bpr": 0}, {"w_slim_bpr": 0}, {"w_slim_bpr": 0}, {"w_slim_bpr": 0}, {"w_slim_bpr": 0}, {"w_slim_bpr": 0}, {"w_slim_bpr": 0}, {"w_slim_bpr": 0}, {"w_slim_bpr": 0}, {"w_slim_bpr": 0}, {"w_slim_bpr": 0}, {"w_slim_bpr": 0}, {"w_slim_bpr": 0}, {"w_slim_bpr": 0}, {"w_slim_bpr": 0}, {"w_slim_bpr": 0}, {"w_slim_bpr": 1}, {"w_slim_bpr": 0}, {"w_slim_bpr": 0}, {"w_slim_bpr": 0}, {"w_slim_bpr": 0}, {"w_slim_bpr": 0}, {"w_slim_bpr": 0}, {"w_slim_bpr": 1}, {"w_slim_bpr": 0}, {"w_slim_bpr": 0}, {"w_slim_bpr": 0}, {"w_slim_bpr": 0}, {"w_slim_bpr": 0}, {"w_slim_bpr": 0}, {"w_slim_bpr": 0}, {"w_slim_bpr": 0}, {"w_slim_bpr": 0}, {"w_slim_bpr": 1}, {"w_slim_bpr": 0}, {"w_slim_bpr": 0}, {"w_slim_bpr": 0}, {"w_slim_bpr": 0}, {"w_slim_bpr": 0}, {"w_slim_bpr": 1}, {"w_slim_bpr": 0}, {"w_slim_bpr": 0}, {"w_slim_bpr": 0}, {"w_slim_bpr": 0}, {"w_slim_bpr": 0}, {"w_slim_bpr": 0}, {"w_slim_bpr": 0}, {"w_slim_bpr": 0}, {"w_slim_bpr": 0}, {"w_slim_bpr": 0}, {"w_slim_bpr": 0}, {"w_slim_bpr": 0}, {"w_slim_bpr": 0}, {"w_slim_bpr": 1}, {"w_slim_bpr": 0}, {"w_slim_bpr": 0}, {"w_slim_bpr": 0}, {"w_slim_bpr": 0}, {"w_slim_bpr": 0}, {"w_slim_bpr": 0}, {"w_slim_bpr": 2000}, {"w_slim_bpr": 0}, {"w_slim_bpr": 0}, {"w_slim_bpr": 0}, {"w_slim_bpr": 1692}, {"w_slim_bpr": 0}, {"w_slim_bpr": 0}, {"w_slim_bpr": 1256}, {"w_slim_bpr": 2000}, {"w_slim_bpr": 0}, {"w_slim_bpr": 0}, {"w_slim_bpr": 0}, {"w_slim_bpr": 0}, {"w_slim_bpr": 923}, {"w_slim_bpr": 1935}, {"w_slim_bpr": 1783}, {"w_slim_bpr": 114}, {"w_slim_bpr": 0}, {"w_slim_bpr": 1939}, {"w_slim_bpr": 807}, {"w_slim_bpr": 396}, {"w_slim_bpr": 0}, {"w_slim_bpr": 0}, {"w_slim_bpr": 0}, {"w_slim_bpr": 553}, {"w_slim_bpr": 1851}, {"w_slim_bpr": 1483}, {"w_slim_bpr": 240}, {"w_slim_bpr": 0}, {"w_slim_bpr": 830}, {"w_slim_bpr": 0}, {"w_slim_bpr": 17}, {"w_slim_bpr": 755}, {"w_slim_bpr": 0}, {"w_slim_bpr": 1852}, {"w_slim_bpr": 1151}, {"w_slim_bpr": 0}, {"w_slim_bpr": 1656}, {"w_slim_bpr": 1522}, {"w_slim_bpr": 0}, {"w_slim_bpr": 523}, {"w_slim_bpr": 0}, {"w_slim_bpr": 637}, {"w_slim_bpr": 0}, {"w_slim_bpr": 0}, {"w_slim_bpr": 659}, {"w_slim_bpr": 566}, {"w_slim_bpr": 1919}, {"w_slim_bpr": 152}, {"w_slim_bpr": 0}, {"w_slim_bpr": 547}, {"w_slim_bpr": 1373}, {"w_slim_bpr": 799}, {"w_slim_bpr": 0}, {"w_slim_bpr": 0}, {"w_slim_bpr": 0}, {"w_slim_bpr": 1826}, {"w_slim_bpr": 1124}, {"w_slim_bpr": 0}, {"w_slim_bpr": 721}, {"w_slim_bpr": 1558}, {"w_slim_bpr": 0}, {"w_slim_bpr": 500}, {"w_slim_bpr": 1807}, {"w_slim_bpr": 1279}, {"w_slim_bpr": 974}, {"w_slim_bpr": 652}, {"w_slim_bpr": 1538}, {"w_slim_bpr": 742}, {"w_slim_bpr": 1778}, {"w_slim_bpr": 0}, {"w_slim_bpr": 1627}]