[{"w_user": 76, "w_item": 3}, {"w_user": 11, "w_item": 0}, {"w_user": 70, "w_item": 99}, {"w_user": 35, "w_item": 98}, {"w_user": 2, "w_item": 45}, {"w_user": 18, "w_item": 15}, {"w_user": 53, "w_item": 22}, {"w_user": 0, "w_item": 33}, {"w_user": 10, "w_item": 71}, {"w_user": 31, "w_item": 30}, {"w_user": 95, "w_item": 54}, {"w_user": 62, "w_item": 96}, {"w_user": 39, "w_item": 92}, {"w_user": 16, "w_item": 71}, {"w_user": 73, "w_item": 35}, {"w_user": 86, "w_item": 54}, {"w_user": 64, "w_item": 33}, {"w_user": 9, "w_item": 87}, {"w_user": 57, "w_item": 88}, {"w_user": 59, "w_item": 97}, {"w_user": 78, "w_item": 76}, {"w_user": 82, "w_item": 67}, {"w_user": 15, "w_item": 7}, {"w_user": 49, "w_item": 92}, {"w_user": 44, "w_item": 34}, {"w_user": 91, "w_item": 65}, {"w_user": 26, "w_item": 62}, {"w_user": 51, "w_item": 23}, {"w_user": 53, "w_item": 26}, {"w_user": 28, "w_item": 37}, {"w_user": 45, "w_item": 10}, {"w_user": 40, "w_item": 18}, {"w_user": 70, "w_item": 94}, {"w_user": 16, "w_item": 55}, {"w_user": 64, "w_item": 71}, {"w_user": 73, "w_item": 19}, {"w_user": 5, "w_item": 30}, {"w_user": 82, "w_item": 8}, {"w_user": 64, "w_item": 33}, {"w_user": 49, "w_item": 96}, {"w_user": 88, "w_item": 27}, {"w_user": 99, "w_item": 86}, {"w_user": 98, "w_item": 76}, {"w_user": 83, "w_item": 21}, {"w_user": 47, "w_item": 99}, {"w_user": 53, "w_item": 56}, {"w_user": 44, "w_item": 6}, {"w_user": 85, "w_item": 21}, {"w_user": 51, "w_item": 11}, {"w_user": 77, "w_item": 21}, {"w_user": 33, "w_item": 33}, {"w_user": 80, "w_item": 82}, {"w_user": 88, "w_item": 56}, {"w_user": 75, "w_item": 92}, {"w_user": 47, "w_item": 19}, {"w_user": 42, "w_item": 63}, {"w_user": 2, "w_item": 29}, {"w_user": 68, "w_item": 24}, {"w_user": 59, "w_item": 34}, {"w_user": 82, "w_item": 66}, {"w_user": 0, "w_item": 98}, {"w_user": 0, "w_item": 100}, {"w_user": 0, "w_item": 100}, {"w_user": 0, "w_item": 1}, {"w_user": 99, "w_item": 0}, {"w_user": 100, "w_item": 100}, {"w_user": 100, "w_item": 100}, {"w_user": 0, "w_item": 99}, {"w_user": 0, "w_item": 0}, {"w_user": 99, "w_item": 100}, {"w_user": 100, "w_item": 100}, {"w_user": 100, "w_item": 100}, {"w_user": 100, "w_item": 99}, {"w_user": 100, "w_item": 98}, {"w_user": 100, "w_item": 1}, {"w_user": 99, "w_item": 100}, {"w_user": 100, "w_item": 100}, {"w_user": 100, "w_item": 100}, {"w_user": 100, "w_item": 2}, {"w_user": 0, "w_item": 100}, {"w_user": 99, "w_item": 0}, {"w_user": 0, "w_item": 99}, {"w_user": 100, "w_item": 99}, {"w_user": 99, "w_item": 0}, {"w_user": 100, "w_item": 100}, {"w_user": 1, "w_item": 100}, {"w_user": 100, "w_item": 1}, {"w_user": 100, "w_item": 100}, {"w_user": 0, "w_item": 100}, {"w_user": 100, "w_item": 100}, {"w_user": 100, "w_item": 100}, {"w_user": 1, "w_item": 99}, {"w_user": 100, "w_item": 100}, {"w_user": 100, "w_item": 100}, {"w_user": 100, "w_item": 2}, {"w_user": 100, "w_item": 1}, {"w_user": 0, "w_item": 99}, {"w_user": 100, "w_item": 100}, {"w_user": 1, "w_item": 100}, {"w_user": 100, "w_item": 100}, {"w_user": 0, "w_item": 100}, {"w_user": 99, "w_item": 0}, {"w_user": 100, "w_item": 100}, {"w_user": 100, "w_item": 100}, {"w_user": 0, "w_item": 0}, {"w_user": 100, "w_item": 37}, {"w_user": 16, "w_item": 35}, {"w_user": 0, "w_item": 66}, {"w_user": 33, "w_item": 0}, {"w_user": 21, "w_item": 100}, {"w_user": 63, "w_item": 0}, {"w_user": 17, "w_item": 35}, {"w_user": 18, "w_item": 34}, {"w_user": 12, "w_item": 47}, {"w_user": 100, "w_item": 39}, {"w_user": 21, "w_item": 100}, {"w_user": 82, "w_item": 100}, {"w_user": 0, "w_item": 66}, {"w_user": 35, "w_item": 0}, {"w_user": 100, "w_item": 99}, {"w_user": 100, "w_item": 99}, {"w_user": 100, "w_item": 99}, {"w_user": 100, "w_item": 100}, {"w_user": 99, "w_item": 100}, {"w_user": 100, "w_item": 100}, {"w_user": 100, "w_item": 100}, {"w_user": 99, "w_item": 0}, {"w_user": 99, "w_item": 0}, {"w_user": 100, "w_item": 99}, {"w_user": 100, "w_item": 0}, {"w_user": 0, "w_item": 100}, {"w_user": 100, "w_item": 0}, {"w_user": 100, "w_item": 100}, {"w_user": 99, "w_item": 100}, {"w_user": 0, "w_item": 100}, {"w_user": 0, "w_item": 100}, {"w_user": 100, "w_item": 100}, {"w_user": 100, "w_item": 100}, {"w_user": 100, "w_item": 0}, {"w_user": 0, "w_item": 100}, {"w_user": 100, "w_item": 100}, {"w_user": 100, "w_item": 100}, {"w_user": 100, "w_item": 2}, {"w_user": 100, "w_item": 100}, {"w_user": 0, "w_item": 100}, {"w_user": 100, "w_item": 100}, {"w_user": 100, "w_item": 100}, {"w_user": 100, "w_item": 1}, {"w_user": 1, "w_item": 100}, {"w_user": 1, "w_item": 100}]